{
    "annotations": {
      "list": [
        {
          "builtIn": 1,
          "datasource": "Victoria_metrics",
          "enable": true,
          "hide": true,
          "iconColor": "rgba(0, 211, 255, 1)",
          "name": "Annotations & Alerts",
          "target": {
            "limit": 100,
            "matchAny": false,
            "tags": [],
            "type": "dashboard"
          },
          "type": "dashboard"
        }
      ]
    },
    "description": "Process status published by Go Prometheus client library, e.g. memory used, fds open, GC details",
    "editable": true,
    "gnetId": 6671,
    "graphTooltip": 0,
    "id": 52,
    "iteration": 1631532624365,
    "links": [],
    "panels": [
      {
        "datasource": "Victoria_metrics",
        "fieldConfig": {
          "defaults": {
            "color": {
              "mode": "thresholds"
            },
            "mappings": [],
            "thresholds": {
              "mode": "absolute",
              "steps": [
                {
                  "color": "dark-green",
                  "value": null
                },
                {
                  "color": "#EAB839",
                  "value": 1000000
                },
                {
                  "color": "dark-orange",
                  "value": 3000000
                },
                {
                  "color": "semi-dark-red",
                  "value": 5000000
                }
              ]
            },
            "unit": "short"
          },
          "overrides": [
            {
              "matcher": {
                "id": "byName",
                "options": "Field"
              },
              "properties": [
                {
                  "id": "color",
                  "value": {
                    "fixedColor": "light-blue",
                    "mode": "continuous-GrYlRd"
                  }
                }
              ]
            }
          ]
        },
        "gridPos": {
          "h": 5,
          "w": 11,
          "x": 0,
          "y": 0
        },
        "id": 17,
        "options": {
          "reduceOptions": {
            "calcs": [
              "lastNotNull"
            ],
            "fields": "",
            "values": true
          },
          "showThresholdLabels": false,
          "showThresholdMarkers": true,
          "text": {}
        },
        "pluginVersion": "8.1.2",
        "targets": [
          {
            "exemplar": true,
            "expr": "ammunition_cache_len_total",
            "interval": "",
            "legendFormat": "{{cache}}",
            "refId": "A"
          }
        ],
        "timeFrom": null,
        "timeShift": null,
        "title": "Cache len",
        "transformations": [
          {
            "id": "reduce",
            "options": {
              "includeTimeField": false,
              "mode": "seriesToRows",
              "reducers": [
                "last"
              ]
            }
          }
        ],
        "type": "gauge"
      },
      {
        "datasource": "Victoria_metrics",
        "description": "",
        "fieldConfig": {
          "defaults": {
            "color": {
              "mode": "thresholds"
            },
            "mappings": [],
            "thresholds": {
              "mode": "percentage",
              "steps": [
                {
                  "color": "dark-green",
                  "value": null
                },
                {
                  "color": "#EAB839",
                  "value": 50
                },
                {
                  "color": "dark-orange",
                  "value": 70
                },
                {
                  "color": "semi-dark-red",
                  "value": 90
                }
              ]
            },
            "unit": "percent"
          },
          "overrides": [
            {
              "matcher": {
                "id": "byName",
                "options": "Field"
              },
              "properties": [
                {
                  "id": "color",
                  "value": {
                    "fixedColor": "light-blue",
                    "mode": "continuous-GrYlRd"
                  }
                }
              ]
            }
          ]
        },
        "gridPos": {
          "h": 5,
          "w": 3,
          "x": 11,
          "y": 0
        },
        "id": 20,
        "options": {
          "reduceOptions": {
            "calcs": [
              "lastNotNull"
            ],
            "fields": "",
            "values": true
          },
          "showThresholdLabels": false,
          "showThresholdMarkers": true,
          "text": {}
        },
        "pluginVersion": "8.1.2",
        "targets": [
          {
            "exemplar": true,
            "expr": "sum(((sum by(cache) ((ammunition_cache_cap_total) / (ammunition_cache_count)))/32000000000 )*100)",
            "interval": "",
            "legendFormat": "{{cache}}",
            "refId": "A"
          }
        ],
        "timeFrom": null,
        "timeShift": null,
        "title": "Total capasity memory",
        "transformations": [
          {
            "id": "reduce",
            "options": {
              "includeTimeField": false,
              "mode": "seriesToRows",
              "reducers": [
                "last"
              ]
            }
          }
        ],
        "type": "gauge"
      },
      {
        "datasource": "Victoria_metrics",
        "fieldConfig": {
          "defaults": {
            "color": {
              "mode": "thresholds"
            },
            "custom": {
              "align": "auto",
              "displayMode": "color-text",
              "filterable": false
            },
            "mappings": [],
            "thresholds": {
              "mode": "absolute",
              "steps": [
                {
                  "color": "dark-green",
                  "value": null
                },
                {
                  "color": "#EAB839",
                  "value": 1000000000
                },
                {
                  "color": "dark-orange",
                  "value": 3000000000
                },
                {
                  "color": "semi-dark-red",
                  "value": 5000000000
                }
              ]
            },
            "unit": "decbytes"
          },
          "overrides": [
            {
              "matcher": {
                "id": "byName",
                "options": "Field"
              },
              "properties": [
                {
                  "id": "color",
                  "value": {
                    "fixedColor": "light-blue",
                    "mode": "fixed"
                  }
                }
              ]
            }
          ]
        },
        "gridPos": {
          "h": 5,
          "w": 4,
          "x": 14,
          "y": 0
        },
        "id": 18,
        "options": {
          "showHeader": false
        },
        "pluginVersion": "8.1.2",
        "targets": [
          {
            "exemplar": true,
            "expr": "ammunition_cache_cap_total ",
            "interval": "",
            "legendFormat": "{{cache}}",
            "refId": "A"
          }
        ],
        "timeFrom": null,
        "timeShift": null,
        "title": "Cache Capacity",
        "transformations": [
          {
            "id": "reduce",
            "options": {
              "includeTimeField": false,
              "mode": "seriesToRows",
              "reducers": [
                "last"
              ]
            }
          }
        ],
        "type": "table"
      },
      {
        "datasource": "Victoria_metrics",
        "fieldConfig": {
          "defaults": {
            "custom": {
              "align": null,
              "displayMode": "color-text",
              "filterable": false
            },
            "mappings": [
              {
                "options": {
                  "Field": {
                    "index": 0,
                    "text": "Test"
                  }
                },
                "type": "value"
              }
            ],
            "thresholds": {
              "mode": "absolute",
              "steps": [
                {
                  "color": "dark-green",
                  "value": null
                },
                {
                  "color": "#EAB839",
                  "value": 10
                },
                {
                  "color": "dark-orange",
                  "value": 20
                },
                {
                  "color": "semi-dark-red",
                  "value": 30
                }
              ]
            },
            "unit": "short"
          },
          "overrides": [
            {
              "matcher": {
                "id": "byName",
                "options": "Last"
              },
              "properties": [
                {
                  "id": "custom.width",
                  "value": 100
                }
              ]
            },
            {
              "matcher": {
                "id": "byName",
                "options": "Field"
              },
              "properties": [
                {
                  "id": "custom.width",
                  "value": 94
                }
              ]
            },
            {
              "matcher": {
                "id": "byName",
                "options": "Field"
              },
              "properties": [
                {
                  "id": "color",
                  "value": {
                    "fixedColor": "light-blue",
                    "mode": "fixed"
                  }
                }
              ]
            }
          ]
        },
        "gridPos": {
          "h": 5,
          "w": 3,
          "x": 18,
          "y": 0
        },
        "id": 16,
        "options": {
          "showHeader": false,
          "sortBy": [
            {
              "desc": true,
              "displayName": "Last"
            }
          ]
        },
        "pluginVersion": "8.1.2",
        "targets": [
          {
            "exemplar": true,
            "expr": "ammunition_cache_count",
            "interval": "",
            "legendFormat": "{{cache}}",
            "refId": "A"
          }
        ],
        "timeFrom": null,
        "timeShift": null,
        "title": "Cache count",
        "transformations": [
          {
            "id": "reduce",
            "options": {
              "includeTimeField": false,
              "mode": "seriesToRows",
              "reducers": [
                "last"
              ]
            }
          }
        ],
        "type": "table"
      },
      {
        "datasource": "Victoria_metrics",
        "fieldConfig": {
          "defaults": {
            "custom": {
              "align": null,
              "displayMode": "color-text",
              "filterable": false
            },
            "mappings": [
              {
                "options": {
                  "Field": {
                    "index": 0,
                    "text": "Test"
                  }
                },
                "type": "value"
              }
            ],
            "thresholds": {
              "mode": "absolute",
              "steps": [
                {
                  "color": "dark-green",
                  "value": null
                },
                {
                  "color": "#EAB839",
                  "value": 10
                },
                {
                  "color": "dark-orange",
                  "value": 20
                },
                {
                  "color": "semi-dark-red",
                  "value": 30
                }
              ]
            },
            "unit": "short"
          },
          "overrides": [
            {
              "matcher": {
                "id": "byName",
                "options": "Last"
              },
              "properties": [
                {
                  "id": "custom.width",
                  "value": 100
                }
              ]
            },
            {
              "matcher": {
                "id": "byName",
                "options": "Field"
              },
              "properties": [
                {
                  "id": "custom.width",
                  "value": 94
                }
              ]
            },
            {
              "matcher": {
                "id": "byName",
                "options": "Field"
              },
              "properties": [
                {
                  "id": "color",
                  "value": {
                    "fixedColor": "light-blue",
                    "mode": "fixed"
                  }
                }
              ]
            }
          ]
        },
        "gridPos": {
          "h": 5,
          "w": 3,
          "x": 21,
          "y": 0
        },
        "id": 24,
        "options": {
          "showHeader": false,
          "sortBy": [
            {
              "desc": true,
              "displayName": "Last"
            }
          ]
        },
        "pluginVersion": "8.1.2",
        "targets": [
          {
            "exemplar": true,
            "expr": "ammunition_worker_count_total",
            "interval": "",
            "legendFormat": "{{cache}}",
            "refId": "A"
          }
        ],
        "timeFrom": null,
        "timeShift": null,
        "title": "Workers count",
        "transformations": [
          {
            "id": "reduce",
            "options": {
              "includeTimeField": false,
              "mode": "seriesToRows",
              "reducers": [
                "last"
              ]
            }
          }
        ],
        "type": "table"
      },
      {
        "collapsed": true,
        "datasource": "Victoria_metrics",
        "gridPos": {
          "h": 1,
          "w": 24,
          "x": 0,
          "y": 5
        },
        "id": 12,
        "panels": [
          {
            "datasource": "Victoria_metrics",
            "fieldConfig": {
              "defaults": {
                "color": {
                  "mode": "palette-classic"
                },
                "custom": {
                  "axisLabel": "",
                  "axisPlacement": "auto",
                  "barAlignment": 0,
                  "drawStyle": "line",
                  "fillOpacity": 0,
                  "gradientMode": "none",
                  "hideFrom": {
                    "legend": false,
                    "tooltip": false,
                    "viz": false
                  },
                  "lineInterpolation": "smooth",
                  "lineWidth": 1,
                  "pointSize": 5,
                  "scaleDistribution": {
                    "type": "linear"
                  },
                  "showPoints": "auto",
                  "spanNulls": true,
                  "stacking": {
                    "group": "A",
                    "mode": "none"
                  },
                  "thresholdsStyle": {
                    "mode": "off"
                  }
                },
                "mappings": [],
                "thresholds": {
                  "mode": "absolute",
                  "steps": [
                    {
                      "color": "green",
                      "value": null
                    },
                    {
                      "color": "red",
                      "value": 80
                    }
                  ]
                },
                "unit": "ms"
              },
              "overrides": []
            },
            "gridPos": {
              "h": 8,
              "w": 24,
              "x": 0,
              "y": 6
            },
            "id": 22,
            "options": {
              "legend": {
                "calcs": [
                  "mean",
                  "max"
                ],
                "displayMode": "table",
                "placement": "right"
              },
              "tooltip": {
                "mode": "single"
              }
            },
            "targets": [
              {
                "exemplar": true,
                "expr": "sum(rate(ammunition_http_requests_duration_ms_sum[30s]))/sum(rate(ammunition_http_requests_duration_ms_count[30s]))",
                "hide": false,
                "interval": "",
                "legendFormat": "avg",
                "refId": "B"
              },
              {
                "exemplar": true,
                "expr": "rate(ammunition_http_requests_duration_ms[30s])",
                "interval": "",
                "legendFormat": "{{path}} - {{method}}  - quantile {{quantile}}",
                "refId": "A"
              }
            ],
            "title": "Response time",
            "type": "timeseries"
          },
          {
            "datasource": "Victoria_metrics",
            "fieldConfig": {
              "defaults": {
                "color": {
                  "mode": "palette-classic"
                },
                "custom": {
                  "axisLabel": "",
                  "axisPlacement": "auto",
                  "barAlignment": 0,
                  "drawStyle": "line",
                  "fillOpacity": 0,
                  "gradientMode": "none",
                  "hideFrom": {
                    "legend": false,
                    "tooltip": false,
                    "viz": false
                  },
                  "lineInterpolation": "smooth",
                  "lineWidth": 1,
                  "pointSize": 5,
                  "scaleDistribution": {
                    "type": "linear"
                  },
                  "showPoints": "auto",
                  "spanNulls": true,
                  "stacking": {
                    "group": "A",
                    "mode": "none"
                  },
                  "thresholdsStyle": {
                    "mode": "off"
                  }
                },
                "mappings": [],
                "thresholds": {
                  "mode": "absolute",
                  "steps": [
                    {
                      "color": "green",
                      "value": null
                    },
                    {
                      "color": "red",
                      "value": 80
                    }
                  ]
                },
                "unit": "ms"
              },
              "overrides": []
            },
            "gridPos": {
              "h": 8,
              "w": 24,
              "x": 0,
              "y": 14
            },
            "id": 23,
            "options": {
              "legend": {
                "calcs": [
                  "mean",
                  "max"
                ],
                "displayMode": "table",
                "placement": "right"
              },
              "tooltip": {
                "mode": "single"
              }
            },
            "targets": [
              {
                "exemplar": true,
                "expr": "avg by (cache) (rate(ammunition_worker_duration_ms[30s]))",
                "hide": false,
                "interval": "",
                "legendFormat": "avg {{cache}}",
                "refId": "B"
              },
              {
                "exemplar": true,
                "expr": "rate(ammunition_worker_duration_ms[30s])",
                "interval": "",
                "legendFormat": "{{cache}}  - quantile {{quantile}}",
                "refId": "A"
              }
            ],
            "title": "Worker time",
            "type": "timeseries"
          }
        ],
        "title": "Cache overview",
        "type": "row"
      },
      {
        "collapsed": true,
        "datasource": "Victoria_metrics",
        "gridPos": {
          "h": 1,
          "w": 24,
          "x": 0,
          "y": 6
        },
        "id": 10,
        "panels": [
          {
            "aliasColors": {},
            "bars": false,
            "dashLength": 10,
            "dashes": false,
            "datasource": "${datasourse}",
            "editable": true,
            "error": false,
            "fill": 1,
            "fillGradient": 0,
            "grid": {},
            "gridPos": {
              "h": 8,
              "w": 12,
              "x": 0,
              "y": 23
            },
            "hiddenSeries": false,
            "id": 1,
            "isNew": true,
            "legend": {
              "alignAsTable": true,
              "avg": true,
              "current": true,
              "max": true,
              "min": false,
              "rightSide": false,
              "show": true,
              "total": false,
              "values": true
            },
            "lines": true,
            "linewidth": 2,
            "links": [],
            "nullPointMode": "connected",
            "options": {
              "alertThreshold": true
            },
            "percentage": false,
            "pluginVersion": "8.1.1",
            "pointradius": 5,
            "points": false,
            "renderer": "flot",
            "seriesOverrides": [
              {
                "alias": "resident",
                "yaxis": 2
              }
            ],
            "spaceLength": 10,
            "stack": false,
            "steppedLine": false,
            "targets": [
              {
                "exemplar": true,
                "expr": "process_resident_memory_bytes{job=\"$job\"}",
                "format": "time_series",
                "interval": "",
                "intervalFactor": 2,
                "legendFormat": "{{pod}} - resident",
                "metric": "process_resident_memory_bytes",
                "refId": "A",
                "step": 4
              },
              {
                "expr": "process_virtual_memory_bytes{job=\"$job\"}",
                "format": "time_series",
                "interval": "",
                "intervalFactor": 2,
                "legendFormat": "{{pod}} - virtual",
                "metric": "process_virtual_memory_bytes",
                "refId": "B",
                "step": 4
              }
            ],
            "thresholds": [],
            "timeFrom": null,
            "timeRegions": [],
            "timeShift": null,
            "title": "process memory",
            "tooltip": {
              "msResolution": false,
              "shared": true,
              "sort": 0,
              "value_type": "cumulative"
            },
            "type": "graph",
            "xaxis": {
              "buckets": null,
              "mode": "time",
              "name": null,
              "show": true,
              "values": []
            },
            "yaxes": [
              {
                "format": "bytes",
                "label": null,
                "logBase": 1,
                "max": null,
                "min": null,
                "show": true
              },
              {
                "format": "short",
                "label": null,
                "logBase": 1,
                "max": null,
                "min": null,
                "show": true
              }
            ],
            "yaxis": {
              "align": false,
              "alignLevel": null
            }
          },
          {
            "aliasColors": {},
            "bars": false,
            "dashLength": 10,
            "dashes": false,
            "datasource": "${datasourse}",
            "editable": true,
            "error": false,
            "fill": 1,
            "fillGradient": 0,
            "grid": {},
            "gridPos": {
              "h": 8,
              "w": 12,
              "x": 12,
              "y": 23
            },
            "hiddenSeries": false,
            "id": 4,
            "isNew": true,
            "legend": {
              "alignAsTable": true,
              "avg": true,
              "current": true,
              "max": true,
              "min": false,
              "show": true,
              "total": false,
              "values": true
            },
            "lines": true,
            "linewidth": 2,
            "links": [],
            "nullPointMode": "connected",
            "options": {
              "alertThreshold": true
            },
            "percentage": false,
            "pluginVersion": "8.1.1",
            "pointradius": 5,
            "points": false,
            "renderer": "flot",
            "seriesOverrides": [
              {
                "alias": "resident",
                "yaxis": 1
              }
            ],
            "spaceLength": 10,
            "stack": false,
            "steppedLine": false,
            "targets": [
              {
                "expr": "rate(process_resident_memory_bytes{job=\"$job\"}[30s])",
                "format": "time_series",
                "interval": "",
                "intervalFactor": 2,
                "legendFormat": "{{pod}} - resident",
                "metric": "process_resident_memory_bytes",
                "refId": "A",
                "step": 4
              },
              {
                "expr": "rate(process_virtual_memory_bytes{job=\"$job\"}[30s])",
                "format": "time_series",
                "interval": "",
                "intervalFactor": 2,
                "legendFormat": "{{pod}} - virtual",
                "metric": "process_virtual_memory_bytes",
                "refId": "B",
                "step": 4
              }
            ],
            "thresholds": [],
            "timeFrom": null,
            "timeRegions": [],
            "timeShift": null,
            "title": "process memory",
            "tooltip": {
              "msResolution": false,
              "shared": true,
              "sort": 0,
              "value_type": "cumulative"
            },
            "type": "graph",
            "xaxis": {
              "buckets": null,
              "mode": "time",
              "name": null,
              "show": true,
              "values": []
            },
            "yaxes": [
              {
                "format": "bytes",
                "label": null,
                "logBase": 1,
                "max": null,
                "min": null,
                "show": true
              },
              {
                "format": "short",
                "label": null,
                "logBase": 1,
                "max": null,
                "min": null,
                "show": true
              }
            ],
            "yaxis": {
              "align": false,
              "alignLevel": null
            }
          },
          {
            "aliasColors": {},
            "bars": false,
            "dashLength": 10,
            "dashes": false,
            "datasource": "${datasourse}",
            "editable": true,
            "error": false,
            "fill": 1,
            "fillGradient": 0,
            "grid": {},
            "gridPos": {
              "h": 7,
              "w": 12,
              "x": 0,
              "y": 31
            },
            "hiddenSeries": false,
            "id": 2,
            "isNew": true,
            "legend": {
              "alignAsTable": true,
              "avg": true,
              "current": true,
              "max": true,
              "min": false,
              "show": true,
              "total": false,
              "values": true
            },
            "lines": true,
            "linewidth": 2,
            "links": [],
            "nullPointMode": "connected",
            "options": {
              "alertThreshold": true
            },
            "percentage": false,
            "pluginVersion": "8.1.1",
            "pointradius": 5,
            "points": false,
            "renderer": "flot",
            "seriesOverrides": [
              {
                "alias": "alloc rate",
                "yaxis": 2
              }
            ],
            "spaceLength": 10,
            "stack": false,
            "steppedLine": false,
            "targets": [
              {
                "expr": "go_memstats_alloc_bytes{job=\"$job\"}",
                "format": "time_series",
                "hide": false,
                "interval": "",
                "intervalFactor": 2,
                "legendFormat": "{{pod}} - bytes allocated",
                "metric": "go_memstats_alloc_bytes",
                "refId": "A",
                "step": 4
              },
              {
                "expr": "rate(go_memstats_alloc_bytes_total{job=\"$job\"}[30s])",
                "format": "time_series",
                "hide": false,
                "interval": "",
                "intervalFactor": 2,
                "legendFormat": "{{pod}} - alloc rate",
                "metric": "go_memstats_alloc_bytes_total",
                "refId": "B",
                "step": 4
              },
              {
                "expr": "go_memstats_stack_inuse_bytes{namespace=~\"^($namespace)$\",pod=~\"^($pod)$\"}",
                "format": "time_series",
                "intervalFactor": 2,
                "legendFormat": "{{pod}} - stack inuse",
                "metric": "go_memstats_stack_inuse_bytes",
                "refId": "C",
                "step": 4
              },
              {
                "expr": "go_memstats_heap_inuse_bytes{namespace=~\"^($namespace)$\",pod=~\"^($pod)$\"}",
                "format": "time_series",
                "hide": false,
                "intervalFactor": 2,
                "legendFormat": "{{pod}} - heap inuse",
                "metric": "go_memstats_heap_inuse_bytes",
                "refId": "D",
                "step": 4
              }
            ],
            "thresholds": [],
            "timeFrom": null,
            "timeRegions": [],
            "timeShift": null,
            "title": "go memstats",
            "tooltip": {
              "msResolution": false,
              "shared": true,
              "sort": 0,
              "value_type": "cumulative"
            },
            "type": "graph",
            "xaxis": {
              "buckets": null,
              "mode": "time",
              "name": null,
              "show": true,
              "values": []
            },
            "yaxes": [
              {
                "format": "bytes",
                "label": null,
                "logBase": 1,
                "max": null,
                "min": null,
                "show": true
              },
              {
                "format": "Bps",
                "label": null,
                "logBase": 1,
                "max": null,
                "min": null,
                "show": true
              }
            ],
            "yaxis": {
              "align": false,
              "alignLevel": null
            }
          },
          {
            "aliasColors": {},
            "bars": false,
            "dashLength": 10,
            "dashes": false,
            "datasource": "${datasourse}",
            "editable": true,
            "error": false,
            "fill": 1,
            "fillGradient": 0,
            "grid": {},
            "gridPos": {
              "h": 7,
              "w": 12,
              "x": 12,
              "y": 31
            },
            "hiddenSeries": false,
            "id": 5,
            "isNew": true,
            "legend": {
              "alignAsTable": true,
              "avg": true,
              "current": true,
              "max": true,
              "min": false,
              "show": true,
              "total": false,
              "values": true
            },
            "lines": true,
            "linewidth": 2,
            "links": [],
            "nullPointMode": "connected",
            "options": {
              "alertThreshold": true
            },
            "percentage": false,
            "pluginVersion": "8.1.1",
            "pointradius": 5,
            "points": false,
            "renderer": "flot",
            "seriesOverrides": [
              {
                "alias": "alloc rate",
                "yaxis": 2
              }
            ],
            "spaceLength": 10,
            "stack": false,
            "steppedLine": false,
            "targets": [
              {
                "expr": "rate(go_memstats_alloc_bytes{job=\"$job\"}[30s])",
                "format": "time_series",
                "hide": false,
                "interval": "",
                "intervalFactor": 2,
                "legendFormat": "{{pod}} - bytes allocated",
                "metric": "go_memstats_alloc_bytes",
                "refId": "A",
                "step": 4
              },
              {
                "expr": "rate(go_memstats_alloc_bytes_total{job=\"$job\"}[30s])",
                "format": "time_series",
                "hide": false,
                "interval": "",
                "intervalFactor": 2,
                "legendFormat": "{{pod}} - alloc rate",
                "metric": "go_memstats_alloc_bytes_total",
                "refId": "B",
                "step": 4
              },
              {
                "expr": "deriv(go_memstats_stack_inuse_bytes{job=\"$job\"}[30s])",
                "format": "time_series",
                "hide": false,
                "interval": "",
                "intervalFactor": 2,
                "legendFormat": "{{pod}} - stack inuse",
                "metric": "go_memstats_stack_inuse_bytes",
                "refId": "C",
                "step": 4
              },
              {
                "expr": "rate(go_memstats_heap_inuse_bytes{job=\"$job\"}[30s])",
                "format": "time_series",
                "hide": false,
                "interval": "",
                "intervalFactor": 2,
                "legendFormat": "{{pod}} - heap inuse",
                "metric": "go_memstats_heap_inuse_bytes",
                "refId": "D",
                "step": 4
              }
            ],
            "thresholds": [],
            "timeFrom": null,
            "timeRegions": [],
            "timeShift": null,
            "title": "go memstats",
            "tooltip": {
              "msResolution": false,
              "shared": true,
              "sort": 0,
              "value_type": "cumulative"
            },
            "type": "graph",
            "xaxis": {
              "buckets": null,
              "mode": "time",
              "name": null,
              "show": true,
              "values": []
            },
            "yaxes": [
              {
                "format": "bytes",
                "label": null,
                "logBase": 1,
                "max": null,
                "min": null,
                "show": true
              },
              {
                "format": "Bps",
                "label": null,
                "logBase": 1,
                "max": null,
                "min": null,
                "show": true
              }
            ],
            "yaxis": {
              "align": false,
              "alignLevel": null
            }
          },
          {
            "aliasColors": {},
            "bars": false,
            "dashLength": 10,
            "dashes": false,
            "datasource": "${datasourse}",
            "editable": true,
            "error": false,
            "fill": 1,
            "fillGradient": 0,
            "grid": {},
            "gridPos": {
              "h": 7,
              "w": 12,
              "x": 0,
              "y": 38
            },
            "hiddenSeries": false,
            "id": 3,
            "isNew": true,
            "legend": {
              "alignAsTable": true,
              "avg": true,
              "current": true,
              "max": true,
              "min": false,
              "show": true,
              "total": false,
              "values": true
            },
            "lines": true,
            "linewidth": 2,
            "links": [],
            "nullPointMode": "connected",
            "options": {
              "alertThreshold": true
            },
            "percentage": false,
            "pluginVersion": "8.1.1",
            "pointradius": 5,
            "points": false,
            "renderer": "flot",
            "seriesOverrides": [],
            "spaceLength": 10,
            "stack": false,
            "steppedLine": false,
            "targets": [
              {
                "expr": "process_open_fds{job=\"$job\"}",
                "format": "time_series",
                "interval": "",
                "intervalFactor": 2,
                "legendFormat": "{{__name__}}",
                "metric": "process_open_fds",
                "refId": "A",
                "step": 4
              }
            ],
            "thresholds": [],
            "timeFrom": null,
            "timeRegions": [],
            "timeShift": null,
            "title": "open fds",
            "tooltip": {
              "msResolution": false,
              "shared": true,
              "sort": 0,
              "value_type": "cumulative"
            },
            "type": "graph",
            "xaxis": {
              "buckets": null,
              "mode": "time",
              "name": null,
              "show": true,
              "values": []
            },
            "yaxes": [
              {
                "format": "short",
                "label": null,
                "logBase": 1,
                "max": null,
                "min": null,
                "show": true
              },
              {
                "format": "short",
                "label": null,
                "logBase": 1,
                "max": null,
                "min": null,
                "show": true
              }
            ],
            "yaxis": {
              "align": false,
              "alignLevel": null
            }
          },
          {
            "aliasColors": {},
            "bars": false,
            "dashLength": 10,
            "dashes": false,
            "datasource": "${datasourse}",
            "editable": true,
            "error": false,
            "fill": 1,
            "fillGradient": 0,
            "grid": {},
            "gridPos": {
              "h": 7,
              "w": 12,
              "x": 12,
              "y": 38
            },
            "hiddenSeries": false,
            "id": 6,
            "isNew": true,
            "legend": {
              "alignAsTable": true,
              "avg": true,
              "current": true,
              "max": true,
              "min": false,
              "show": true,
              "total": false,
              "values": true
            },
            "lines": true,
            "linewidth": 2,
            "links": [],
            "nullPointMode": "connected",
            "options": {
              "alertThreshold": true
            },
            "percentage": false,
            "pluginVersion": "8.1.1",
            "pointradius": 5,
            "points": false,
            "renderer": "flot",
            "seriesOverrides": [],
            "spaceLength": 10,
            "stack": false,
            "steppedLine": false,
            "targets": [
              {
                "expr": "rate(process_open_fds{job=\"$job\"}[30s])",
                "format": "time_series",
                "interval": "",
                "intervalFactor": 2,
                "legendFormat": "{{instance}}",
                "metric": "process_open_fds",
                "refId": "A",
                "step": 4
              }
            ],
            "thresholds": [],
            "timeFrom": null,
            "timeRegions": [],
            "timeShift": null,
            "title": "open fds deriv",
            "tooltip": {
              "msResolution": false,
              "shared": true,
              "sort": 0,
              "value_type": "cumulative"
            },
            "type": "graph",
            "xaxis": {
              "buckets": null,
              "mode": "time",
              "name": null,
              "show": true,
              "values": []
            },
            "yaxes": [
              {
                "format": "short",
                "label": null,
                "logBase": 1,
                "max": null,
                "min": null,
                "show": true
              },
              {
                "format": "short",
                "label": null,
                "logBase": 1,
                "max": null,
                "min": null,
                "show": true
              }
            ],
            "yaxis": {
              "align": false,
              "alignLevel": null
            }
          },
          {
            "aliasColors": {},
            "bars": false,
            "dashLength": 10,
            "dashes": false,
            "datasource": "${datasourse}",
            "editable": true,
            "error": false,
            "fill": 1,
            "fillGradient": 0,
            "grid": {},
            "gridPos": {
              "h": 7,
              "w": 12,
              "x": 0,
              "y": 45
            },
            "hiddenSeries": false,
            "id": 7,
            "isNew": true,
            "legend": {
              "alignAsTable": true,
              "avg": true,
              "current": true,
              "max": true,
              "min": false,
              "show": true,
              "total": false,
              "values": true
            },
            "lines": true,
            "linewidth": 2,
            "links": [],
            "nullPointMode": "connected",
            "options": {
              "alertThreshold": true
            },
            "percentage": false,
            "pluginVersion": "8.1.1",
            "pointradius": 5,
            "points": false,
            "renderer": "flot",
            "seriesOverrides": [],
            "spaceLength": 10,
            "stack": false,
            "steppedLine": false,
            "targets": [
              {
                "expr": "go_goroutines{job=\"$job\"}",
                "format": "time_series",
                "interval": "",
                "intervalFactor": 2,
                "legendFormat": "{{__name__}}",
                "metric": "go_goroutines",
                "refId": "A",
                "step": 4
              }
            ],
            "thresholds": [],
            "timeFrom": null,
            "timeRegions": [],
            "timeShift": null,
            "title": "Goroutines",
            "tooltip": {
              "msResolution": false,
              "shared": true,
              "sort": 0,
              "value_type": "cumulative"
            },
            "type": "graph",
            "xaxis": {
              "buckets": null,
              "mode": "time",
              "name": null,
              "show": true,
              "values": []
            },
            "yaxes": [
              {
                "format": "short",
                "label": null,
                "logBase": 1,
                "max": null,
                "min": null,
                "show": true
              },
              {
                "format": "short",
                "label": null,
                "logBase": 1,
                "max": null,
                "min": null,
                "show": true
              }
            ],
            "yaxis": {
              "align": false,
              "alignLevel": null
            }
          },
          {
            "aliasColors": {},
            "bars": false,
            "dashLength": 10,
            "dashes": false,
            "datasource": "${datasourse}",
            "editable": true,
            "error": false,
            "fill": 1,
            "fillGradient": 0,
            "grid": {},
            "gridPos": {
              "h": 7,
              "w": 12,
              "x": 12,
              "y": 45
            },
            "hiddenSeries": false,
            "id": 8,
            "isNew": true,
            "legend": {
              "alignAsTable": true,
              "avg": true,
              "current": true,
              "max": true,
              "min": false,
              "show": true,
              "total": false,
              "values": true
            },
            "lines": true,
            "linewidth": 2,
            "links": [],
            "nullPointMode": "connected",
            "options": {
              "alertThreshold": true
            },
            "percentage": false,
            "pluginVersion": "8.1.1",
            "pointradius": 5,
            "points": false,
            "renderer": "flot",
            "seriesOverrides": [],
            "spaceLength": 10,
            "stack": false,
            "steppedLine": false,
            "targets": [
              {
                "expr": "go_gc_duration_seconds{job=\"$job\"}",
                "format": "time_series",
                "interval": "",
                "intervalFactor": 2,
                "legendFormat": "{{pod}}: {{quantile}}",
                "metric": "go_gc_duration_seconds",
                "refId": "A",
                "step": 4
              }
            ],
            "thresholds": [],
            "timeFrom": null,
            "timeRegions": [],
            "timeShift": null,
            "title": "GC duration quantiles",
            "tooltip": {
              "msResolution": false,
              "shared": true,
              "sort": 0,
              "value_type": "cumulative"
            },
            "type": "graph",
            "xaxis": {
              "buckets": null,
              "mode": "time",
              "name": null,
              "show": true,
              "values": []
            },
            "yaxes": [
              {
                "format": "s",
                "label": null,
                "logBase": 1,
                "max": null,
                "min": null,
                "show": true
              },
              {
                "format": "short",
                "label": null,
                "logBase": 1,
                "max": null,
                "min": null,
                "show": true
              }
            ],
            "yaxis": {
              "align": false,
              "alignLevel": null
            }
          }
        ],
        "title": "Go metrics ",
        "type": "row"
      },
      {
        "collapsed": true,
        "datasource": "Victoria_metrics",
        "gridPos": {
          "h": 1,
          "w": 24,
          "x": 0,
          "y": 7
        },
        "id": 26,
        "panels": [
          {
            "datasource": "Victoria_metrics",
            "fieldConfig": {
              "defaults": {
                "color": {
                  "mode": "palette-classic"
                },
                "custom": {
                  "axisLabel": "",
                  "axisPlacement": "auto",
                  "barAlignment": 0,
                  "drawStyle": "line",
                  "fillOpacity": 30,
                  "gradientMode": "none",
                  "hideFrom": {
                    "legend": false,
                    "tooltip": false,
                    "viz": false
                  },
                  "lineInterpolation": "smooth",
                  "lineWidth": 1,
                  "pointSize": 5,
                  "scaleDistribution": {
                    "type": "linear"
                  },
                  "showPoints": "never",
                  "spanNulls": false,
                  "stacking": {
                    "group": "A",
                    "mode": "normal"
                  },
                  "thresholdsStyle": {
                    "mode": "off"
                  }
                },
                "decimals": 2,
                "mappings": [],
                "max": 100,
                "min": 0,
                "thresholds": {
                  "mode": "absolute",
                  "steps": [
                    {
                      "color": "green",
                      "value": null
                    },
                    {
                      "color": "red",
                      "value": 80
                    }
                  ]
                },
                "unit": "none"
              },
              "overrides": [
                {
                  "matcher": {
                    "id": "byName",
                    "options": "idle"
                  },
                  "properties": [
                    {
                      "id": "color",
                      "value": {
                        "fixedColor": "rgb(31, 82, 25)",
                        "mode": "fixed"
                      }
                    }
                  ]
                },
                {
                  "matcher": {
                    "id": "byName",
                    "options": "iowait"
                  },
                  "properties": [
                    {
                      "id": "color",
                      "value": {
                        "fixedColor": "light-yellow",
                        "mode": "fixed"
                      }
                    }
                  ]
                },
                {
                  "matcher": {
                    "id": "byName",
                    "options": "irq"
                  },
                  "properties": [
                    {
                      "id": "color",
                      "value": {
                        "fixedColor": "semi-dark-red",
                        "mode": "fixed"
                      }
                    }
                  ]
                },
                {
                  "matcher": {
                    "id": "byName",
                    "options": "nice"
                  },
                  "properties": [
                    {
                      "id": "color",
                      "value": {
                        "fixedColor": "super-light-orange",
                        "mode": "fixed"
                      }
                    }
                  ]
                },
                {
                  "matcher": {
                    "id": "byName",
                    "options": "softirq"
                  },
                  "properties": [
                    {
                      "id": "color",
                      "value": {
                        "fixedColor": "light-red",
                        "mode": "fixed"
                      }
                    }
                  ]
                },
                {
                  "matcher": {
                    "id": "byName",
                    "options": "steal"
                  },
                  "properties": [
                    {
                      "id": "color",
                      "value": {
                        "fixedColor": "super-light-purple",
                        "mode": "fixed"
                      }
                    }
                  ]
                },
                {
                  "matcher": {
                    "id": "byName",
                    "options": "system"
                  },
                  "properties": [
                    {
                      "id": "color",
                      "value": {
                        "fixedColor": "dark-orange",
                        "mode": "fixed"
                      }
                    }
                  ]
                },
                {
                  "matcher": {
                    "id": "byName",
                    "options": "user"
                  },
                  "properties": [
                    {
                      "id": "color",
                      "value": {
                        "fixedColor": "rgba(5, 26, 82, 0.95)",
                        "mode": "fixed"
                      }
                    }
                  ]
                }
              ]
            },
            "gridPos": {
              "h": 8,
              "w": 12,
              "x": 0,
              "y": 8
            },
            "id": 36,
            "options": {
              "legend": {
                "calcs": [
                  "mean",
                  "lastNotNull"
                ],
                "displayMode": "table",
                "placement": "right"
              },
              "tooltip": {
                "mode": "single"
              }
            },
            "pluginVersion": "8.1.1",
            "repeat": null,
            "repeatDirection": "h",
            "targets": [
              {
                "exemplar": true,
                "expr": "instance:node_cpu_seconds_total:irate5m{mode=\"system\", instance=\"172.27.194.51:9100\"}",
                "format": "time_series",
                "hide": false,
                "instant": false,
                "interval": "",
                "intervalFactor": 2,
                "legendFormat": "system",
                "refId": "D"
              },
              {
                "exemplar": true,
                "expr": "instance:node_cpu_seconds_total:irate5m{mode=\"user\", instance=\"172.27.194.51:9100\"}",
                "format": "time_series",
                "hide": false,
                "instant": false,
                "interval": "",
                "intervalFactor": 2,
                "legendFormat": "user",
                "refId": "I"
              },
              {
                "exemplar": true,
                "expr": "instance:node_cpu_seconds_total:irate5m{mode=\"iowait\", instance=\"172.27.194.51:9100\"}",
                "format": "time_series",
                "hide": false,
                "instant": false,
                "interval": "",
                "intervalFactor": 2,
                "legendFormat": "iowait",
                "refId": "B"
              },
              {
                "exemplar": true,
                "expr": "instance:node_cpu_seconds_total:irate5m{mode=\"steal\", instance=\"172.27.194.51:9100\"}",
                "format": "time_series",
                "hide": false,
                "instant": false,
                "interval": "",
                "intervalFactor": 2,
                "legendFormat": "steal",
                "refId": "A"
              },
              {
                "exemplar": true,
                "expr": "instance:node_cpu_seconds_total:irate5m{mode=\"softirq\", instance=\"172.27.194.51:9100\"}",
                "format": "time_series",
                "hide": false,
                "instant": false,
                "interval": "",
                "intervalFactor": 2,
                "legendFormat": "softirq",
                "refId": "G"
              },
              {
                "exemplar": true,
                "expr": "instance:node_cpu_seconds_total:irate5m{mode=\"irq\", instance=\"172.27.194.51:9100\"}",
                "format": "time_series",
                "hide": false,
                "instant": false,
                "interval": "",
                "intervalFactor": 2,
                "legendFormat": "irq",
                "refId": "E"
              },
              {
                "exemplar": true,
                "expr": "instance:node_cpu_seconds_total:irate5m{mode=\"nice\", instance=\"172.27.194.51:9100\"}",
                "format": "time_series",
                "hide": false,
                "instant": false,
                "interval": "",
                "intervalFactor": 2,
                "legendFormat": "nice",
                "refId": "F"
              },
              {
                "exemplar": true,
                "expr": "instance:node_cpu_seconds_total:irate5m{mode=\"nice\", instance=\"172.27.194.51:9100\"}",
                "format": "time_series",
                "hide": false,
                "instant": false,
                "interval": "",
                "intervalFactor": 2,
                "legendFormat": "steal",
                "refId": "H"
              },
              {
                "exemplar": true,
                "expr": "instance:node_cpu_seconds_total:irate5m{mode=\"idle\", instance=\"172.27.194.51:9100\"}",
                "format": "time_series",
                "hide": false,
                "instant": false,
                "interval": "",
                "intervalFactor": 2,
                "legendFormat": "idle",
                "refId": "C"
              }
            ],
            "timeFrom": null,
            "timeShift": null,
            "title": "Basic CPU info",
            "transformations": [],
            "type": "timeseries"
          },
          {
            "datasource": "Victoria_metrics",
            "fieldConfig": {
              "defaults": {
                "color": {
                  "mode": "palette-classic"
                },
                "custom": {
                  "axisLabel": "",
                  "axisPlacement": "auto",
                  "barAlignment": 0,
                  "drawStyle": "line",
                  "fillOpacity": 0,
                  "gradientMode": "none",
                  "hideFrom": {
                    "legend": false,
                    "tooltip": false,
                    "viz": false
                  },
                  "lineInterpolation": "smooth",
                  "lineWidth": 1,
                  "pointSize": 5,
                  "scaleDistribution": {
                    "type": "linear"
                  },
                  "showPoints": "auto",
                  "spanNulls": false,
                  "stacking": {
                    "group": "A",
                    "mode": "none"
                  },
                  "thresholdsStyle": {
                    "mode": "off"
                  }
                },
                "mappings": [],
                "thresholds": {
                  "mode": "absolute",
                  "steps": [
                    {
                      "color": "green",
                      "value": null
                    },
                    {
                      "color": "red",
                      "value": 80
                    }
                  ]
                }
              },
              "overrides": []
            },
            "gridPos": {
              "h": 8,
              "w": 12,
              "x": 12,
              "y": 8
            },
            "id": 44,
            "options": {
              "legend": {
                "calcs": [],
                "displayMode": "list",
                "placement": "bottom"
              },
              "tooltip": {
                "mode": "single"
              }
            },
            "targets": [
              {
                "exemplar": true,
                "expr": "instance:node_context_switches_total:rate1m{instance=\"172.27.194.51:9100\"}",
                "interval": "",
                "legendFormat": "Switch",
                "refId": "A"
              }
            ],
            "title": "Context Switch",
            "type": "timeseries"
          },
          {
            "datasource": "Victoria_metrics",
            "fieldConfig": {
              "defaults": {
                "color": {
                  "mode": "palette-classic"
                },
                "custom": {
                  "axisLabel": "",
                  "axisPlacement": "auto",
                  "barAlignment": 0,
                  "drawStyle": "line",
                  "fillOpacity": 9,
                  "gradientMode": "none",
                  "hideFrom": {
                    "legend": false,
                    "tooltip": false,
                    "viz": false
                  },
                  "lineInterpolation": "linear",
                  "lineWidth": 1,
                  "pointSize": 5,
                  "scaleDistribution": {
                    "type": "linear"
                  },
                  "showPoints": "auto",
                  "spanNulls": false,
                  "stacking": {
                    "group": "A",
                    "mode": "none"
                  },
                  "thresholdsStyle": {
                    "mode": "off"
                  }
                },
                "mappings": [],
                "thresholds": {
                  "mode": "absolute",
                  "steps": [
                    {
                      "color": "green",
                      "value": null
                    },
                    {
                      "color": "red",
                      "value": 80
                    }
                  ]
                },
                "unit": "decbytes"
              },
              "overrides": [
                {
                  "matcher": {
                    "id": "byName",
                    "options": "Free"
                  },
                  "properties": [
                    {
                      "id": "color",
                      "value": {
                        "fixedColor": "dark-green",
                        "mode": "fixed"
                      }
                    }
                  ]
                },
                {
                  "matcher": {
                    "id": "byName",
                    "options": "Total"
                  },
                  "properties": [
                    {
                      "id": "color",
                      "value": {
                        "fixedColor": "dark-blue",
                        "mode": "fixed"
                      }
                    }
                  ]
                },
                {
                  "matcher": {
                    "id": "byName",
                    "options": "Used"
                  },
                  "properties": [
                    {
                      "id": "color",
                      "value": {
                        "fixedColor": "dark-orange",
                        "mode": "fixed"
                      }
                    }
                  ]
                },
                {
                  "matcher": {
                    "id": "byName",
                    "options": "Cache + Buffer"
                  },
                  "properties": [
                    {
                      "id": "color",
                      "value": {
                        "fixedColor": "dark-red",
                        "mode": "fixed"
                      }
                    }
                  ]
                }
              ]
            },
            "gridPos": {
              "h": 8,
              "w": 12,
              "x": 0,
              "y": 16
            },
            "id": 46,
            "options": {
              "legend": {
                "calcs": [],
                "displayMode": "list",
                "placement": "bottom"
              },
              "tooltip": {
                "mode": "single"
              }
            },
            "targets": [
              {
                "exemplar": true,
                "expr": "node_memory_MemTotal_bytes{instance=\"172.27.194.51:9100\"}",
                "interval": "",
                "legendFormat": "Total",
                "refId": "A"
              },
              {
                "exemplar": true,
                "expr": "node_memory_MemFree_bytes{instance=\"172.27.194.51:9100\"}",
                "hide": false,
                "interval": "",
                "legendFormat": "Free",
                "refId": "B"
              },
              {
                "exemplar": true,
                "expr": "node_memory_MemTotal_bytes{instance=\"172.27.194.51:9100\"} - node_memory_MemAvailable_bytes{instance=\"172.27.194.51:9100\"}",
                "hide": false,
                "interval": "",
                "legendFormat": "Used",
                "refId": "C"
              },
              {
                "exemplar": true,
                "expr": "node_memory_Cached_bytes{instance=\"172.27.194.51:9100\"} + node_memory_Buffers_bytes{instance=\"172.27.194.51:9100\"}",
                "hide": false,
                "interval": "",
                "legendFormat": "Cache + Buffer",
                "refId": "D"
              }
            ],
            "title": "Memory",
            "type": "timeseries"
          },
          {
            "datasource": "Victoria_metrics",
            "fieldConfig": {
              "defaults": {
                "color": {
                  "mode": "palette-classic"
                },
                "custom": {
                  "axisLabel": "",
                  "axisPlacement": "auto",
                  "barAlignment": 0,
                  "drawStyle": "line",
                  "fillOpacity": 10,
                  "gradientMode": "none",
                  "hideFrom": {
                    "legend": false,
                    "tooltip": false,
                    "viz": false
                  },
                  "lineInterpolation": "smooth",
                  "lineWidth": 1,
                  "pointSize": 5,
                  "scaleDistribution": {
                    "type": "linear"
                  },
                  "showPoints": "never",
                  "spanNulls": false,
                  "stacking": {
                    "group": "A",
                    "mode": "none"
                  },
                  "thresholdsStyle": {
                    "mode": "off"
                  }
                },
                "links": [],
                "mappings": [],
                "thresholds": {
                  "mode": "absolute",
                  "steps": [
                    {
                      "color": "green",
                      "value": null
                    },
                    {
                      "color": "red",
                      "value": 80
                    }
                  ]
                },
                "unit": "Bps"
              },
              "overrides": [
                {
                  "matcher": {
                    "id": "byName",
                    "options": "Inactive"
                  },
                  "properties": [
                    {
                      "id": "color",
                      "value": {
                        "fixedColor": "dark-yellow",
                        "mode": "fixed"
                      }
                    }
                  ]
                },
                {
                  "matcher": {
                    "id": "byName",
                    "options": "active"
                  },
                  "properties": [
                    {
                      "id": "color",
                      "value": {
                        "fixedColor": "dark-green",
                        "mode": "fixed"
                      }
                    }
                  ]
                }
              ]
            },
            "gridPos": {
              "h": 7,
              "w": 12,
              "x": 12,
              "y": 16
            },
            "id": 34,
            "links": [],
            "options": {
              "legend": {
                "calcs": [],
                "displayMode": "list",
                "placement": "bottom"
              },
              "tooltip": {
                "mode": "single"
              }
            },
            "pluginVersion": "8.1.1",
            "targets": [
              {
                "exemplar": true,
                "expr": "instance:node_memory_Active_bytes:rate1m{instance=\"172.27.194.51:9100\"}",
                "format": "time_series",
                "interval": "",
                "intervalFactor": 1,
                "legendFormat": "active",
                "refId": "A"
              },
              {
                "exemplar": true,
                "expr": "instance:node_network_receive_bytes_total:irate1m{instance=\"172.27.194.51:9100\"}",
                "format": "time_series",
                "interval": "",
                "intervalFactor": 1,
                "legendFormat": "Inactive",
                "refId": "B"
              }
            ],
            "timeFrom": null,
            "timeShift": null,
            "title": "Memory active/inactive (byte/sec)",
            "type": "timeseries"
          },
          {
            "datasource": "Victoria_metrics",
            "fieldConfig": {
              "defaults": {
                "color": {
                  "mode": "palette-classic"
                },
                "custom": {
                  "axisLabel": "",
                  "axisPlacement": "auto",
                  "barAlignment": 0,
                  "drawStyle": "line",
                  "fillOpacity": 10,
                  "gradientMode": "none",
                  "hideFrom": {
                    "legend": false,
                    "tooltip": false,
                    "viz": false
                  },
                  "lineInterpolation": "smooth",
                  "lineWidth": 1,
                  "pointSize": 5,
                  "scaleDistribution": {
                    "type": "linear"
                  },
                  "showPoints": "never",
                  "spanNulls": false,
                  "stacking": {
                    "group": "A",
                    "mode": "none"
                  },
                  "thresholdsStyle": {
                    "mode": "off"
                  }
                },
                "links": [],
                "mappings": [],
                "thresholds": {
                  "mode": "absolute",
                  "steps": [
                    {
                      "color": "green",
                      "value": null
                    },
                    {
                      "color": "red",
                      "value": 80
                    }
                  ]
                },
                "unit": "short"
              },
              "overrides": [
                {
                  "matcher": {
                    "id": "byName",
                    "options": "RetransSeg"
                  },
                  "properties": [
                    {
                      "id": "color",
                      "value": {
                        "fixedColor": "dark-green",
                        "mode": "fixed"
                      }
                    }
                  ]
                }
              ]
            },
            "gridPos": {
              "h": 8,
              "w": 12,
              "x": 12,
              "y": 23
            },
            "id": 30,
            "options": {
              "legend": {
                "calcs": [],
                "displayMode": "list",
                "placement": "bottom"
              },
              "tooltip": {
                "mode": "single"
              }
            },
            "pluginVersion": "8.1.1",
            "targets": [
              {
                "exemplar": true,
                "expr": "node_netstat_Tcp_CurrEstab{instance=\"172.27.194.51:9100\"}",
                "interval": "",
                "legendFormat": "CurrEstab",
                "refId": "A"
              },
              {
                "exemplar": true,
                "expr": "node_sockstat_TCP_tw{instance=\"172.27.194.51:9100\"}",
                "interval": "",
                "legendFormat": "tw",
                "refId": "B"
              },
              {
                "exemplar": true,
                "expr": "node_sockstat_sockets_used{instance=\"172.27.194.51:9100\"}",
                "interval": "",
                "legendFormat": "used",
                "refId": "C"
              },
              {
                "exemplar": true,
                "expr": "node_sockstat_TCP_alloc{instance=\"172.27.194.51:9100\"}",
                "interval": "",
                "legendFormat": "allocate",
                "refId": "D"
              },
              {
                "exemplar": true,
                "expr": "instance:node_netstat_Tcp_PassiveOpens:irate30s{instance=\"172.27.194.51:9100\"}",
                "interval": "",
                "legendFormat": "PassiveOpen",
                "refId": "E"
              },
              {
                "exemplar": true,
                "expr": "instance:node_netstat_Tcp_ActiveOpens:irate30s{instance=\"172.27.194.51:9100\"}",
                "interval": "",
                "legendFormat": "ActiveOpens",
                "refId": "F"
              },
              {
                "exemplar": true,
                "expr": "instance:node_netstat_Tcp_InSegs:irate30s{instance=\"172.27.194.51:9100\"}",
                "interval": "",
                "legendFormat": "InSegs",
                "refId": "G"
              },
              {
                "exemplar": true,
                "expr": "instance:node_netstat_Tcp_OutSegs:irate30s{instance=\"172.27.194.51:9100\"}",
                "interval": "",
                "legendFormat": "OutSegs",
                "refId": "H"
              },
              {
                "exemplar": true,
                "expr": "instance:node_netstat_Tcp_RetransSegs:irate30s{instance=\"172.27.194.51:9100\"}",
                "interval": "",
                "legendFormat": "RetransSeg",
                "refId": "I"
              },
              {
                "exemplar": true,
                "expr": "instance:node_netstat_TcpExt_ListenDrops:irate30s{instance=\"172.27.194.51:9100\"}",
                "interval": "",
                "legendFormat": "ListenDrop",
                "refId": "J"
              }
            ],
            "timeFrom": null,
            "timeShift": null,
            "title": "Netstat",
            "type": "timeseries"
          },
          {
            "datasource": "Victoria_metrics",
            "fieldConfig": {
              "defaults": {
                "color": {
                  "mode": "palette-classic"
                },
                "custom": {
                  "axisLabel": "",
                  "axisPlacement": "auto",
                  "barAlignment": 0,
                  "drawStyle": "line",
                  "fillOpacity": 40,
                  "gradientMode": "none",
                  "hideFrom": {
                    "legend": false,
                    "tooltip": false,
                    "viz": false
                  },
                  "lineInterpolation": "smooth",
                  "lineWidth": 1,
                  "pointSize": 5,
                  "scaleDistribution": {
                    "type": "linear"
                  },
                  "showPoints": "never",
                  "spanNulls": false,
                  "stacking": {
                    "group": "A",
                    "mode": "none"
                  },
                  "thresholdsStyle": {
                    "mode": "off"
                  }
                },
                "links": [],
                "mappings": [],
                "thresholds": {
                  "mode": "absolute",
                  "steps": [
                    {
                      "color": "green",
                      "value": null
                    },
                    {
                      "color": "red",
                      "value": 80
                    }
                  ]
                },
                "unit": "decbytes"
              },
              "overrides": [
                {
                  "matcher": {
                    "id": "byName",
                    "options": "recive ens192"
                  },
                  "properties": [
                    {
                      "id": "color",
                      "value": {
                        "fixedColor": "dark-green",
                        "mode": "fixed"
                      }
                    }
                  ]
                },
                {
                  "matcher": {
                    "id": "byName",
                    "options": "recive lo"
                  },
                  "properties": [
                    {
                      "id": "color",
                      "value": {
                        "fixedColor": "dark-yellow",
                        "mode": "fixed"
                      }
                    }
                  ]
                },
                {
                  "matcher": {
                    "id": "byName",
                    "options": "transmit  ens192"
                  },
                  "properties": [
                    {
                      "id": "color",
                      "value": {
                        "fixedColor": "dark-blue",
                        "mode": "fixed"
                      }
                    }
                  ]
                },
                {
                  "matcher": {
                    "id": "byName",
                    "options": "transmit  lo"
                  },
                  "properties": [
                    {
                      "id": "color",
                      "value": {
                        "fixedColor": "dark-orange",
                        "mode": "fixed"
                      }
                    }
                  ]
                }
              ]
            },
            "gridPos": {
              "h": 7,
              "w": 12,
              "x": 0,
              "y": 24
            },
            "id": 28,
            "options": {
              "legend": {
                "calcs": [],
                "displayMode": "list",
                "placement": "bottom"
              },
              "tooltip": {
                "mode": "single"
              }
            },
            "pluginVersion": "8.1.1",
            "targets": [
              {
                "exemplar": true,
                "expr": " instance:node_network_receive_bytes_total:irate1m{instance=\"172.27.194.51:9100\"}",
                "interval": "",
                "legendFormat": "recive {{device}}",
                "refId": "A"
              },
              {
                "exemplar": true,
                "expr": "instance:node_network_transmit_bytes_total:irate1m{instance=\"172.27.194.51:9100\"}",
                "instant": false,
                "interval": "",
                "legendFormat": "transmit  {{device}}",
                "refId": "B"
              }
            ],
            "timeFrom": null,
            "timeShift": null,
            "title": "traff",
            "type": "timeseries"
          },
          {
            "datasource": "Victoria_metrics",
            "fieldConfig": {
              "defaults": {
                "color": {
                  "mode": "palette-classic"
                },
                "custom": {
                  "axisLabel": "",
                  "axisPlacement": "auto",
                  "barAlignment": 0,
                  "drawStyle": "line",
                  "fillOpacity": 10,
                  "gradientMode": "none",
                  "hideFrom": {
                    "legend": false,
                    "tooltip": false,
                    "viz": false
                  },
                  "lineInterpolation": "smooth",
                  "lineWidth": 1,
                  "pointSize": 5,
                  "scaleDistribution": {
                    "type": "linear"
                  },
                  "showPoints": "never",
                  "spanNulls": false,
                  "stacking": {
                    "group": "A",
                    "mode": "none"
                  },
                  "thresholdsStyle": {
                    "mode": "off"
                  }
                },
                "links": [],
                "mappings": [],
                "thresholds": {
                  "mode": "absolute",
                  "steps": [
                    {
                      "color": "green",
                      "value": null
                    },
                    {
                      "color": "red",
                      "value": 80
                    }
                  ]
                },
                "unit": "short"
              },
              "overrides": [
                {
                  "matcher": {
                    "id": "byName",
                    "options": "filefd_allocated"
                  },
                  "properties": [
                    {
                      "id": "color",
                      "value": {
                        "fixedColor": "dark-green",
                        "mode": "fixed"
                      }
                    }
                  ]
                }
              ]
            },
            "gridPos": {
              "h": 8,
              "w": 12,
              "x": 0,
              "y": 31
            },
            "id": 40,
            "options": {
              "legend": {
                "calcs": [],
                "displayMode": "list",
                "placement": "bottom"
              },
              "tooltip": {
                "mode": "single"
              }
            },
            "pluginVersion": "8.1.1",
            "targets": [
              {
                "exemplar": true,
                "expr": "node_filefd_allocated{instance=\"172.27.194.51:9100\"}",
                "interval": "",
                "legendFormat": "filefd_allocated",
                "refId": "C"
              }
            ],
            "timeFrom": null,
            "timeShift": null,
            "title": "filefd_allocated",
            "type": "timeseries"
          },
          {
            "datasource": "Victoria_metrics",
            "fieldConfig": {
              "defaults": {
                "color": {
                  "mode": "palette-classic"
                },
                "custom": {
                  "axisLabel": "",
                  "axisPlacement": "auto",
                  "barAlignment": 0,
                  "drawStyle": "line",
                  "fillOpacity": 0,
                  "gradientMode": "none",
                  "hideFrom": {
                    "legend": false,
                    "tooltip": false,
                    "viz": false
                  },
                  "lineInterpolation": "linear",
                  "lineWidth": 1,
                  "pointSize": 5,
                  "scaleDistribution": {
                    "type": "linear"
                  },
                  "showPoints": "auto",
                  "spanNulls": false,
                  "stacking": {
                    "group": "A",
                    "mode": "none"
                  },
                  "thresholdsStyle": {
                    "mode": "off"
                  }
                },
                "mappings": [],
                "thresholds": {
                  "mode": "absolute",
                  "steps": [
                    {
                      "color": "green",
                      "value": null
                    },
                    {
                      "color": "red",
                      "value": 80
                    }
                  ]
                }
              },
              "overrides": []
            },
            "gridPos": {
              "h": 8,
              "w": 12,
              "x": 12,
              "y": 31
            },
            "id": 48,
            "options": {
              "legend": {
                "calcs": [],
                "displayMode": "list",
                "placement": "bottom"
              },
              "tooltip": {
                "mode": "single"
              }
            },
            "targets": [
              {
                "exemplar": true,
                "expr": "node_filefd_allocated{instance=\"172.27.194.51:9100\"}",
                "interval": "",
                "legendFormat": "filefd_allocated",
                "refId": "A"
              }
            ],
            "title": "filefd_allocated",
            "type": "timeseries"
          }
        ],
        "title": "Host overview",
        "type": "row"
      }
    ],
    "refresh": "30s",
    "schemaVersion": 30,
    "style": "dark",
    "tags": [
      "ammunition",
      "go"
    ],
    "templating": {
      "list": [
        {
          "current": {
            "selected": false,
            "text": "Prometheus_scaper_storage",
            "value": "Prometheus_scaper_storage"
          },
          "description": null,
          "error": null,
          "hide": 1,
          "includeAll": false,
          "label": "Datasourse",
          "multi": false,
          "name": "datasourse",
          "options": [],
          "query": "prometheus",
          "queryValue": "",
          "refresh": 1,
          "regex": "",
          "skipUrlSync": false,
          "type": "datasource"
        },
        {
          "allValue": null,
          "current": {
            "selected": false,
            "text": "ammunition",
            "value": "ammunition"
          },
          "datasource": "Victoria_metrics",
          "definition": "label_values(go_goroutines,job)",
          "description": null,
          "error": null,
          "hide": 0,
          "includeAll": false,
          "label": null,
          "multi": false,
          "name": "job",
          "options": [],
          "query": {
            "query": "label_values(go_goroutines,job)",
            "refId": "StandardVariableQuery"
          },
          "refresh": 1,
          "regex": "",
          "skipUrlSync": false,
          "sort": 0,
          "tagValuesQuery": "",
          "tagsQuery": "",
          "type": "query",
          "useTags": false
        }
      ]
    },
    "time": {
      "from": "now-1h",
      "to": "now"
    },
    "timepicker": {
      "refresh_intervals": [
        "5s",
        "10s",
        "30s",
        "1m",
        "5m",
        "15m",
        "30m",
        "1h",
        "2h",
        "1d"
      ],
      "time_options": [
        "5m",
        "15m",
        "1h",
        "6h",
        "12h",
        "24h",
        "2d",
        "7d",
        "30d"
      ]
    },
    "timezone": "browser",
    "title": "Ammunition Overview",
    "uid": "gucDwRV7z",
    "version": 10
  }