{
  "annotations": {
    "list": [
      {
        "builtIn": 1,
        "datasource": "Prometheus",
        "enable": true,
        "hide": true,
        "iconColor": "rgba(0, 211, 255, 1)",
        "name": "Annotations & Alerts",
        "target": {
          "limit": 100,
          "matchAny": false,
          "tags": [],
          "type": "dashboard"
        },
        "type": "dashboard"
      }
    ]
  },
  "description": "Containers metrics",
  "editable": true,
  "gnetId": null,
  "graphTooltip": 1,
  "id": 35,
  "iteration": 1631532625274,
  "links": [],
  "panels": [
    {
      "cacheTimeout": null,
      "datasource": "Prometheus",
      "fieldConfig": {
        "defaults": {
          "color": {
            "mode": "thresholds"
          },
          "decimals": 2,
          "mappings": [
            {
              "options": {
                "match": "null",
                "result": {
                  "text": "N/A"
                }
              },
              "type": "special"
            }
          ],
          "max": 100,
          "min": 0,
          "thresholds": {
            "mode": "absolute",
            "steps": [
              {
                "color": "rgba(50, 172, 45, 0.97)",
                "value": null
              },
              {
                "color": "rgba(237, 129, 40, 0.89)",
                "value": 65
              },
              {
                "color": "rgba(245, 54, 54, 0.9)",
                "value": 90
              }
            ]
          },
          "unit": "percent"
        },
        "overrides": []
      },
      "gridPos": {
        "h": 4,
        "w": 4,
        "x": 0,
        "y": 0
      },
      "hideTimeOverride": true,
      "id": 4,
      "interval": null,
      "links": [],
      "maxDataPoints": 100,
      "options": {
        "orientation": "horizontal",
        "reduceOptions": {
          "calcs": [
            "mean"
          ],
          "fields": "",
          "values": false
        },
        "showThresholdLabels": false,
        "showThresholdMarkers": true,
        "text": {}
      },
      "pluginVersion": "8.1.2",
      "targets": [
        {
          "exemplar": true,
          "expr": "sum(rate(container_cpu_user_seconds_total{job=\"cadvisor_exporter\",service=\"$group\"}[1m])) / count(node_cpu_seconds_total{mode=\"user\",job=\"node_exporter\",service=\"$group\"}) * 100",
          "interval": "10s",
          "intervalFactor": 1,
          "legendFormat": "",
          "refId": "A",
          "step": 10
        }
      ],
      "timeFrom": "10s",
      "title": "CPU Load",
      "type": "gauge"
    },
    {
      "cacheTimeout": null,
      "datasource": "Prometheus",
      "fieldConfig": {
        "defaults": {
          "color": {
            "mode": "thresholds"
          },
          "mappings": [
            {
              "options": {
                "match": "null",
                "result": {
                  "text": "N/A"
                }
              },
              "type": "special"
            }
          ],
          "thresholds": {
            "mode": "absolute",
            "steps": [
              {
                "color": "green",
                "value": null
              },
              {
                "color": "red",
                "value": 80
              }
            ]
          },
          "unit": "none"
        },
        "overrides": []
      },
      "gridPos": {
        "h": 4,
        "w": 4,
        "x": 4,
        "y": 0
      },
      "id": 7,
      "interval": null,
      "links": [],
      "maxDataPoints": 100,
      "options": {
        "colorMode": "none",
        "graphMode": "none",
        "justifyMode": "auto",
        "orientation": "horizontal",
        "reduceOptions": {
          "calcs": [
            "mean"
          ],
          "fields": "",
          "values": false
        },
        "text": {},
        "textMode": "auto"
      },
      "pluginVersion": "8.1.2",
      "targets": [
        {
          "exemplar": true,
          "expr": "sum(machine_cpu_cores{job=\"cadvisor_exporter\",service=\"$group\"})",
          "interval": "",
          "intervalFactor": 2,
          "legendFormat": "",
          "metric": "machine_cpu_cores",
          "refId": "A",
          "step": 20
        }
      ],
      "title": "CPU Cores",
      "type": "stat"
    },
    {
      "cacheTimeout": null,
      "datasource": "Prometheus",
      "fieldConfig": {
        "defaults": {
          "color": {
            "mode": "thresholds"
          },
          "mappings": [
            {
              "options": {
                "match": "null",
                "result": {
                  "text": "N/A"
                }
              },
              "type": "special"
            }
          ],
          "max": 100,
          "min": 0,
          "thresholds": {
            "mode": "absolute",
            "steps": [
              {
                "color": "rgba(50, 172, 45, 0.97)",
                "value": null
              },
              {
                "color": "rgba(237, 129, 40, 0.89)",
                "value": 65
              },
              {
                "color": "rgba(245, 54, 54, 0.9)",
                "value": 90
              }
            ]
          },
          "unit": "percent"
        },
        "overrides": []
      },
      "gridPos": {
        "h": 4,
        "w": 4,
        "x": 8,
        "y": 0
      },
      "hideTimeOverride": true,
      "id": 5,
      "interval": null,
      "links": [],
      "maxDataPoints": 100,
      "options": {
        "orientation": "horizontal",
        "reduceOptions": {
          "calcs": [
            "mean"
          ],
          "fields": "",
          "values": false
        },
        "showThresholdLabels": false,
        "showThresholdMarkers": true,
        "text": {}
      },
      "pluginVersion": "8.1.2",
      "targets": [
        {
          "exemplar": true,
          "expr": "(sum(node_memory_MemTotal_bytes{job=\"node_exporter\",service=\"$group\"}) - sum(node_memory_MemFree_bytes{job=\"node_exporter\",service=\"$group\"}+node_memory_Buffers_bytes{job=\"node_exporter\",service=\"$group\"}+node_memory_Cached_bytes{job=\"node_exporter\",service=\"$group\"}) ) / sum(node_memory_MemTotal_bytes{job=\"node_exporter\",service=\"$group\"}) * 100",
          "interval": "10s",
          "intervalFactor": 2,
          "legendFormat": "",
          "refId": "A",
          "step": 20
        }
      ],
      "timeFrom": "10s",
      "title": "Memory Load",
      "type": "gauge"
    },
    {
      "cacheTimeout": null,
      "datasource": "Prometheus",
      "fieldConfig": {
        "defaults": {
          "color": {
            "mode": "thresholds"
          },
          "decimals": 2,
          "mappings": [
            {
              "options": {
                "match": "null",
                "result": {
                  "text": "N/A"
                }
              },
              "type": "special"
            }
          ],
          "thresholds": {
            "mode": "absolute",
            "steps": [
              {
                "color": "dark-green",
                "value": null
              }
            ]
          },
          "unit": "bytes"
        },
        "overrides": []
      },
      "gridPos": {
        "h": 4,
        "w": 4,
        "x": 12,
        "y": 0
      },
      "hideTimeOverride": true,
      "id": 2,
      "interval": null,
      "links": [],
      "maxDataPoints": 100,
      "options": {
        "colorMode": "none",
        "graphMode": "none",
        "justifyMode": "auto",
        "orientation": "horizontal",
        "reduceOptions": {
          "calcs": [
            "mean"
          ],
          "fields": "",
          "values": false
        },
        "text": {},
        "textMode": "auto"
      },
      "pluginVersion": "8.1.2",
      "targets": [
        {
          "exemplar": true,
          "expr": "sum(container_memory_usage_bytes{job=\"cadvisor_exporter\",service=\"$group\"})",
          "interval": "10s",
          "intervalFactor": 2,
          "legendFormat": "",
          "refId": "A",
          "step": 20
        }
      ],
      "timeFrom": "10s",
      "title": "Used Memory",
      "type": "stat"
    },
    {
      "cacheTimeout": null,
      "datasource": "Prometheus",
      "fieldConfig": {
        "defaults": {
          "color": {
            "mode": "thresholds"
          },
          "decimals": 2,
          "mappings": [
            {
              "options": {
                "match": "null",
                "result": {
                  "text": "N/A"
                }
              },
              "type": "special"
            }
          ],
          "thresholds": {
            "mode": "absolute",
            "steps": [
              {
                "color": "green",
                "value": null
              },
              {
                "color": "red",
                "value": 80
              }
            ]
          },
          "unit": "bytes"
        },
        "overrides": []
      },
      "gridPos": {
        "h": 4,
        "w": 8,
        "x": 16,
        "y": 0
      },
      "hideTimeOverride": true,
      "id": 3,
      "interval": null,
      "links": [],
      "maxDataPoints": 100,
      "options": {
        "colorMode": "none",
        "graphMode": "none",
        "justifyMode": "auto",
        "orientation": "horizontal",
        "reduceOptions": {
          "calcs": [
            "mean"
          ],
          "fields": "",
          "values": false
        },
        "text": {},
        "textMode": "auto"
      },
      "pluginVersion": "8.1.2",
      "targets": [
        {
          "exemplar": true,
          "expr": "sum(container_fs_usage_bytes{job=\"cadvisor_exporter\",service=\"$group\"})",
          "interval": "30s",
          "intervalFactor": 2,
          "legendFormat": "",
          "refId": "A",
          "step": 60
        }
      ],
      "timeFrom": "10s",
      "title": "Used Storage",
      "type": "stat"
    },
    {
      "datasource": "Prometheus",
      "fieldConfig": {
        "defaults": {
          "color": {
            "mode": "thresholds"
          },
          "mappings": [],
          "thresholds": {
            "mode": "absolute",
            "steps": [
              {
                "color": "dark-green",
                "value": null
              },
              {
                "color": "dark-yellow",
                "value": 400
              },
              {
                "color": "dark-orange",
                "value": 500
              },
              {
                "color": "dark-red",
                "value": 600
              }
            ]
          }
        },
        "overrides": []
      },
      "gridPos": {
        "h": 4,
        "w": 8,
        "x": 0,
        "y": 4
      },
      "id": 9,
      "links": [],
      "options": {
        "colorMode": "value",
        "graphMode": "area",
        "justifyMode": "auto",
        "orientation": "auto",
        "reduceOptions": {
          "calcs": [
            "lastNotNull"
          ],
          "fields": "",
          "values": false
        },
        "text": {},
        "textMode": "auto"
      },
      "pluginVersion": "8.1.2",
      "targets": [
        {
          "exemplar": true,
          "expr": "scalar(count(container_memory_usage_bytes{job=\"cadvisor_exporter\",service=\"$group\",container_label_com_docker_swarm_service_name!=\"\"}) > 0)",
          "interval": "",
          "intervalFactor": 2,
          "legendFormat": "containers",
          "refId": "A",
          "step": 2
        }
      ],
      "timeFrom": null,
      "timeShift": null,
      "title": "Running Containers",
      "type": "stat"
    },
    {
      "datasource": "Prometheus",
      "fieldConfig": {
        "defaults": {
          "color": {
            "mode": "palette-classic"
          },
          "custom": {
            "axisLabel": "",
            "axisPlacement": "auto",
            "barAlignment": 0,
            "drawStyle": "bars",
            "fillOpacity": 100,
            "gradientMode": "none",
            "hideFrom": {
              "legend": false,
              "tooltip": false,
              "viz": false
            },
            "lineInterpolation": "smooth",
            "lineWidth": 2,
            "pointSize": 5,
            "scaleDistribution": {
              "type": "linear"
            },
            "showPoints": "never",
            "spanNulls": false,
            "stacking": {
              "group": "A",
              "mode": "none"
            },
            "thresholdsStyle": {
              "mode": "off"
            }
          },
          "mappings": [],
          "min": 0,
          "thresholds": {
            "mode": "absolute",
            "steps": [
              {
                "color": "dark-green",
                "value": null
              }
            ]
          },
          "unit": "short"
        },
        "overrides": [
          {
            "matcher": {
              "id": "byName",
              "options": "load 1m"
            },
            "properties": [
              {
                "id": "color",
                "value": {
                  "fixedColor": "dark-green",
                  "mode": "fixed"
                }
              }
            ]
          }
        ]
      },
      "gridPos": {
        "h": 4,
        "w": 8,
        "x": 8,
        "y": 4
      },
      "id": 10,
      "links": [],
      "options": {
        "legend": {
          "calcs": [],
          "displayMode": "list",
          "placement": "bottom"
        },
        "tooltip": {
          "mode": "single"
        }
      },
      "pluginVersion": "8.1.2",
      "targets": [
        {
          "exemplar": true,
          "expr": "node_load1{job=\"node_exporter\",service=\"$group\"}",
          "interval": "",
          "intervalFactor": 2,
          "legendFormat": "load 1m",
          "metric": "node_load1",
          "refId": "A",
          "step": 2
        }
      ],
      "timeFrom": null,
      "timeShift": null,
      "title": "System Load",
      "type": "timeseries"
    },
    {
      "datasource": "Prometheus",
      "fieldConfig": {
        "defaults": {
          "color": {
            "mode": "palette-classic"
          },
          "custom": {
            "axisLabel": "",
            "axisPlacement": "auto",
            "barAlignment": 0,
            "drawStyle": "line",
            "fillOpacity": 10,
            "gradientMode": "none",
            "hideFrom": {
              "legend": false,
              "tooltip": false,
              "viz": false
            },
            "lineInterpolation": "smooth",
            "lineWidth": 2,
            "pointSize": 5,
            "scaleDistribution": {
              "type": "linear"
            },
            "showPoints": "never",
            "spanNulls": false,
            "stacking": {
              "group": "A",
              "mode": "none"
            },
            "thresholdsStyle": {
              "mode": "off"
            }
          },
          "mappings": [],
          "thresholds": {
            "mode": "absolute",
            "steps": [
              {
                "color": "green",
                "value": null
              },
              {
                "color": "red",
                "value": 80
              }
            ]
          },
          "unit": "bytes"
        },
        "overrides": [
          {
            "matcher": {
              "id": "byName",
              "options": "io time"
            },
            "properties": [
              {
                "id": "unit",
                "value": "ms"
              }
            ]
          }
        ]
      },
      "gridPos": {
        "h": 4,
        "w": 8,
        "x": 16,
        "y": 4
      },
      "id": 15,
      "links": [],
      "options": {
        "legend": {
          "calcs": [
            "mean",
            "max",
            "min"
          ],
          "displayMode": "hidden",
          "placement": "right"
        },
        "tooltip": {
          "mode": "single"
        }
      },
      "pluginVersion": "8.1.2",
      "targets": [
        {
          "exemplar": true,
          "expr": "sum(irate(node_disk_read_bytes_total{job=\"node_exporter\",service=\"$group\"}[5m]))",
          "interval": "2s",
          "intervalFactor": 4,
          "legendFormat": "read",
          "metric": "",
          "refId": "A",
          "step": 8
        },
        {
          "exemplar": true,
          "expr": "sum(irate(node_disk_written_bytes_total{job=\"node_exporter\",service=\"$group\"}[5m]))",
          "interval": "2s",
          "intervalFactor": 4,
          "legendFormat": "written",
          "metric": "",
          "refId": "B",
          "step": 8
        },
        {
          "exemplar": true,
          "expr": "sum(irate(node_disk_io_time_seconds_total{job=\"node_exporter\",service=\"$group\"}[5m]))",
          "interval": "2s",
          "intervalFactor": 4,
          "legendFormat": "io time",
          "metric": "",
          "refId": "C",
          "step": 8
        }
      ],
      "timeFrom": null,
      "timeShift": null,
      "title": "I/O Usage",
      "type": "timeseries"
    },
    {
      "datasource": "Prometheus",
      "fieldConfig": {
        "defaults": {
          "color": {
            "mode": "palette-classic"
          },
          "custom": {
            "axisLabel": "",
            "axisPlacement": "auto",
            "barAlignment": 0,
            "drawStyle": "line",
            "fillOpacity": 10,
            "gradientMode": "none",
            "hideFrom": {
              "legend": false,
              "tooltip": false,
              "viz": false
            },
            "lineInterpolation": "smooth",
            "lineWidth": 2,
            "pointSize": 5,
            "scaleDistribution": {
              "type": "linear"
            },
            "showPoints": "never",
            "spanNulls": false,
            "stacking": {
              "group": "A",
              "mode": "none"
            },
            "thresholdsStyle": {
              "mode": "off"
            }
          },
          "mappings": [],
          "min": 0,
          "thresholds": {
            "mode": "absolute",
            "steps": [
              {
                "color": "green",
                "value": null
              },
              {
                "color": "red",
                "value": 80
              }
            ]
          },
          "unit": "percent"
        },
        "overrides": []
      },
      "gridPos": {
        "h": 7,
        "w": 24,
        "x": 0,
        "y": 8
      },
      "id": 8,
      "links": [],
      "options": {
        "legend": {
          "calcs": [
            "mean",
            "max",
            "min"
          ],
          "displayMode": "table",
          "placement": "right"
        },
        "tooltip": {
          "mode": "single"
        }
      },
      "pluginVersion": "8.1.2",
      "targets": [
        {
          "exemplar": true,
          "expr": "sum by (name) (rate(container_cpu_usage_seconds_total{job=\"cadvisor_exporter\",service=\"$group\"}[1m])) / scalar(count(node_cpu_seconds_total{mode=\"user\"})) * 100",
          "interval": "",
          "intervalFactor": 10,
          "legendFormat": "{{ name }}",
          "metric": "container_cpu_user_seconds_total",
          "refId": "A",
          "step": 10
        }
      ],
      "timeFrom": null,
      "timeShift": null,
      "title": "Container CPU Usage",
      "type": "timeseries"
    },
    {
      "datasource": "Prometheus",
      "fieldConfig": {
        "defaults": {
          "color": {
            "mode": "palette-classic"
          },
          "custom": {
            "axisLabel": "",
            "axisPlacement": "auto",
            "barAlignment": 0,
            "drawStyle": "line",
            "fillOpacity": 10,
            "gradientMode": "none",
            "hideFrom": {
              "legend": false,
              "tooltip": false,
              "viz": false
            },
            "lineInterpolation": "smooth",
            "lineWidth": 2,
            "pointSize": 5,
            "scaleDistribution": {
              "type": "linear"
            },
            "showPoints": "never",
            "spanNulls": false,
            "stacking": {
              "group": "A",
              "mode": "none"
            },
            "thresholdsStyle": {
              "mode": "off"
            }
          },
          "mappings": [],
          "min": 0,
          "thresholds": {
            "mode": "absolute",
            "steps": [
              {
                "color": "green",
                "value": null
              },
              {
                "color": "red",
                "value": 80
              }
            ]
          },
          "unit": "bytes"
        },
        "overrides": []
      },
      "gridPos": {
        "h": 7,
        "w": 24,
        "x": 0,
        "y": 15
      },
      "id": 11,
      "links": [],
      "options": {
        "legend": {
          "calcs": [
            "mean",
            "max",
            "min"
          ],
          "displayMode": "table",
          "placement": "right"
        },
        "tooltip": {
          "mode": "single"
        }
      },
      "pluginVersion": "8.1.2",
      "targets": [
        {
          "exemplar": true,
          "expr": "sum by (name)(container_memory_usage_bytes{job=\"cadvisor_exporter\",service=\"$group\"})",
          "interval": "",
          "intervalFactor": 1,
          "legendFormat": "{{ name }}",
          "metric": "container_memory_usage",
          "refId": "A",
          "step": 1
        }
      ],
      "timeFrom": null,
      "timeShift": null,
      "title": "Container Memory Usage",
      "type": "timeseries"
    },
    {
      "datasource": "Prometheus",
      "fieldConfig": {
        "defaults": {
          "color": {
            "mode": "palette-classic"
          },
          "custom": {
            "axisLabel": "",
            "axisPlacement": "auto",
            "barAlignment": 0,
            "drawStyle": "line",
            "fillOpacity": 10,
            "gradientMode": "none",
            "hideFrom": {
              "legend": false,
              "tooltip": false,
              "viz": false
            },
            "lineInterpolation": "smooth",
            "lineWidth": 2,
            "pointSize": 5,
            "scaleDistribution": {
              "type": "linear"
            },
            "showPoints": "never",
            "spanNulls": false,
            "stacking": {
              "group": "A",
              "mode": "none"
            },
            "thresholdsStyle": {
              "mode": "off"
            }
          },
          "mappings": [],
          "min": 0,
          "thresholds": {
            "mode": "absolute",
            "steps": [
              {
                "color": "green",
                "value": null
              },
              {
                "color": "red",
                "value": 80
              }
            ]
          },
          "unit": "bytes"
        },
        "overrides": []
      },
      "gridPos": {
        "h": 7,
        "w": 24,
        "x": 0,
        "y": 22
      },
      "id": 12,
      "links": [],
      "options": {
        "legend": {
          "calcs": [
            "mean",
            "max",
            "min"
          ],
          "displayMode": "table",
          "placement": "right"
        },
        "tooltip": {
          "mode": "single"
        }
      },
      "pluginVersion": "8.1.2",
      "targets": [
        {
          "exemplar": true,
          "expr": "sum by (name) (container_memory_cache{job=\"cadvisor_exporter\",service=\"$group\"})",
          "interval": "",
          "intervalFactor": 2,
          "legendFormat": "{{name}}",
          "metric": "container_memory_cache",
          "refId": "A",
          "step": 2
        }
      ],
      "timeFrom": null,
      "timeShift": null,
      "title": "Container Cached Memory Usage",
      "type": "timeseries"
    },
    {
      "datasource": "Prometheus",
      "fieldConfig": {
        "defaults": {
          "color": {
            "mode": "palette-classic"
          },
          "custom": {
            "axisLabel": "",
            "axisPlacement": "auto",
            "barAlignment": 0,
            "drawStyle": "line",
            "fillOpacity": 10,
            "gradientMode": "none",
            "hideFrom": {
              "legend": false,
              "tooltip": false,
              "viz": false
            },
            "lineInterpolation": "smooth",
            "lineWidth": 2,
            "pointSize": 5,
            "scaleDistribution": {
              "type": "linear"
            },
            "showPoints": "never",
            "spanNulls": false,
            "stacking": {
              "group": "A",
              "mode": "none"
            },
            "thresholdsStyle": {
              "mode": "off"
            }
          },
          "mappings": [],
          "min": 0,
          "thresholds": {
            "mode": "absolute",
            "steps": [
              {
                "color": "green",
                "value": null
              },
              {
                "color": "red",
                "value": 80
              }
            ]
          },
          "unit": "bytes"
        },
        "overrides": []
      },
      "gridPos": {
        "h": 7,
        "w": 24,
        "x": 0,
        "y": 29
      },
      "id": 13,
      "links": [],
      "options": {
        "legend": {
          "calcs": [
            "mean",
            "max",
            "min"
          ],
          "displayMode": "table",
          "placement": "right"
        },
        "tooltip": {
          "mode": "single"
        }
      },
      "pluginVersion": "8.1.2",
      "targets": [
        {
          "exemplar": true,
          "expr": "sum by (name) (rate(container_network_receive_bytes_total{job=\"cadvisor_exporter\",service=\"$group\"}[1m]))",
          "interval": "",
          "intervalFactor": 10,
          "legendFormat": "{{ name }}",
          "metric": "container_network_receive_bytes_total",
          "refId": "A",
          "step": 10
        }
      ],
      "timeFrom": null,
      "timeShift": null,
      "title": "Container Network Input",
      "type": "timeseries"
    },
    {
      "datasource": "Prometheus",
      "fieldConfig": {
        "defaults": {
          "color": {
            "mode": "palette-classic"
          },
          "custom": {
            "axisLabel": "",
            "axisPlacement": "auto",
            "barAlignment": 0,
            "drawStyle": "line",
            "fillOpacity": 10,
            "gradientMode": "none",
            "hideFrom": {
              "legend": false,
              "tooltip": false,
              "viz": false
            },
            "lineInterpolation": "smooth",
            "lineWidth": 2,
            "pointSize": 5,
            "scaleDistribution": {
              "type": "linear"
            },
            "showPoints": "never",
            "spanNulls": false,
            "stacking": {
              "group": "A",
              "mode": "none"
            },
            "thresholdsStyle": {
              "mode": "off"
            }
          },
          "mappings": [],
          "min": 0,
          "thresholds": {
            "mode": "absolute",
            "steps": [
              {
                "color": "green",
                "value": null
              },
              {
                "color": "red",
                "value": 80
              }
            ]
          },
          "unit": "bytes"
        },
        "overrides": []
      },
      "gridPos": {
        "h": 7,
        "w": 24,
        "x": 0,
        "y": 36
      },
      "id": 14,
      "links": [],
      "options": {
        "legend": {
          "calcs": [
            "mean",
            "max",
            "min"
          ],
          "displayMode": "table",
          "placement": "right"
        },
        "tooltip": {
          "mode": "single"
        }
      },
      "pluginVersion": "8.1.2",
      "targets": [
        {
          "exemplar": true,
          "expr": "sum by (name) (rate(container_network_transmit_bytes_total{job=\"cadvisor_exporter\",service=\"$group\"}[1m]))",
          "interval": "",
          "intervalFactor": 10,
          "legendFormat": "{{ name }}",
          "metric": "container_network_transmit_bytes_total",
          "refId": "A",
          "step": 10
        }
      ],
      "timeFrom": null,
      "timeShift": null,
      "title": "Container Network Output",
      "type": "timeseries"
    }
  ],
  "refresh": false,
  "schemaVersion": 30,
  "style": "dark",
  "tags": [
    "docker"
  ],
  "templating": {
    "list": [
      {
        "allValue": null,
        "current": {
          "selected": false,
          "text": "Swarm master",
          "value": "Swarm master"
        },
        "datasource": "Prometheus",
        "definition": "label_values(container_cpu_usage_seconds_total{job=\"cadvisor_exporter\"}, service)",
        "description": null,
        "error": null,
        "hide": 0,
        "includeAll": false,
        "label": "group",
        "multi": false,
        "name": "group",
        "options": [],
        "query": {
          "query": "label_values(container_cpu_usage_seconds_total{job=\"cadvisor_exporter\"}, service)",
          "refId": "StandardVariableQuery"
        },
        "refresh": 1,
        "regex": "",
        "skipUrlSync": false,
        "sort": 0,
        "tagValuesQuery": "",
        "tagsQuery": "",
        "type": "query",
        "useTags": false
      }
    ]
  },
  "time": {
    "from": "now-3h",
    "to": "now"
  },
  "timepicker": {
    "refresh_intervals": [
      "5s",
      "10s",
      "30s",
      "1m",
      "5m",
      "15m",
      "30m",
      "1h",
      "2h",
      "1d"
    ],
    "time_options": [
      "5m",
      "15m",
      "1h",
      "6h",
      "12h",
      "24h",
      "2d",
      "7d",
      "30d"
    ]
  },
  "timezone": "browser",
  "title": "Docker Containers Overview",
  "uid": "cQjH76G7z",
  "version": 5
}