{
  "annotations": {
    "list": [
      {
        "builtIn": 1,
        "datasource": "Victoria_metrics",
        "enable": true,
        "hide": true,
        "iconColor": "rgba(0, 211, 255, 1)",
        "name": "Annotations & Alerts",
        "target": {
          "limit": 100,
          "matchAny": false,
          "tags": [],
          "type": "dashboard"
        },
        "type": "dashboard"
      }
    ]
  },
  "description": "Process status published by Go Prometheus client library, e.g. memory used, fds open, GC details",
  "editable": true,
  "gnetId": 6671,
  "graphTooltip": 0,
  "id": 36,
  "iteration": 1631532626314,
  "links": [],
  "panels": [
    {
      "aliasColors": {},
      "bars": false,
      "dashLength": 10,
      "dashes": false,
      "datasource": "Victoria_metrics",
      "editable": true,
      "error": false,
      "fill": 1,
      "fillGradient": 0,
      "grid": {},
      "gridPos": {
        "h": 8,
        "w": 12,
        "x": 0,
        "y": 0
      },
      "hiddenSeries": false,
      "id": 1,
      "isNew": true,
      "legend": {
        "alignAsTable": true,
        "avg": true,
        "current": true,
        "max": true,
        "min": false,
        "rightSide": false,
        "show": true,
        "total": false,
        "values": true
      },
      "lines": true,
      "linewidth": 2,
      "links": [],
      "nullPointMode": "connected",
      "options": {
        "alertThreshold": true
      },
      "percentage": false,
      "pluginVersion": "8.1.2",
      "pointradius": 5,
      "points": false,
      "renderer": "flot",
      "seriesOverrides": [
        {
          "alias": "resident",
          "yaxis": 2
        }
      ],
      "spaceLength": 10,
      "stack": false,
      "steppedLine": false,
      "targets": [
        {
          "exemplar": true,
          "expr": "process_resident_memory_bytes{job=\"$job\"}",
          "format": "time_series",
          "interval": "",
          "intervalFactor": 2,
          "legendFormat": "{{pod}} - resident",
          "metric": "process_resident_memory_bytes",
          "refId": "A",
          "step": 4
        },
        {
          "expr": "process_virtual_memory_bytes{job=\"$job\"}",
          "format": "time_series",
          "interval": "",
          "intervalFactor": 2,
          "legendFormat": "{{pod}} - virtual",
          "metric": "process_virtual_memory_bytes",
          "refId": "B",
          "step": 4
        }
      ],
      "thresholds": [],
      "timeFrom": null,
      "timeRegions": [],
      "timeShift": null,
      "title": "process memory",
      "tooltip": {
        "msResolution": false,
        "shared": true,
        "sort": 0,
        "value_type": "cumulative"
      },
      "type": "graph",
      "xaxis": {
        "buckets": null,
        "mode": "time",
        "name": null,
        "show": true,
        "values": []
      },
      "yaxes": [
        {
          "format": "bytes",
          "label": null,
          "logBase": 1,
          "max": null,
          "min": null,
          "show": true
        },
        {
          "format": "short",
          "label": null,
          "logBase": 1,
          "max": null,
          "min": null,
          "show": true
        }
      ],
      "yaxis": {
        "align": false,
        "alignLevel": null
      }
    },
    {
      "aliasColors": {},
      "bars": false,
      "dashLength": 10,
      "dashes": false,
      "datasource": "Victoria_metrics",
      "editable": true,
      "error": false,
      "fill": 1,
      "fillGradient": 0,
      "grid": {},
      "gridPos": {
        "h": 8,
        "w": 12,
        "x": 12,
        "y": 0
      },
      "hiddenSeries": false,
      "id": 4,
      "isNew": true,
      "legend": {
        "alignAsTable": true,
        "avg": true,
        "current": true,
        "max": true,
        "min": false,
        "show": true,
        "total": false,
        "values": true
      },
      "lines": true,
      "linewidth": 2,
      "links": [],
      "nullPointMode": "connected",
      "options": {
        "alertThreshold": true
      },
      "percentage": false,
      "pluginVersion": "8.1.2",
      "pointradius": 5,
      "points": false,
      "renderer": "flot",
      "seriesOverrides": [
        {
          "alias": "resident",
          "yaxis": 1
        }
      ],
      "spaceLength": 10,
      "stack": false,
      "steppedLine": false,
      "targets": [
        {
          "expr": "rate(process_resident_memory_bytes{job=\"$job\"}[30s])",
          "format": "time_series",
          "interval": "",
          "intervalFactor": 2,
          "legendFormat": "{{pod}} - resident",
          "metric": "process_resident_memory_bytes",
          "refId": "A",
          "step": 4
        },
        {
          "expr": "rate(process_virtual_memory_bytes{job=\"$job\"}[30s])",
          "format": "time_series",
          "interval": "",
          "intervalFactor": 2,
          "legendFormat": "{{pod}} - virtual",
          "metric": "process_virtual_memory_bytes",
          "refId": "B",
          "step": 4
        }
      ],
      "thresholds": [],
      "timeFrom": null,
      "timeRegions": [],
      "timeShift": null,
      "title": "process memory",
      "tooltip": {
        "msResolution": false,
        "shared": true,
        "sort": 0,
        "value_type": "cumulative"
      },
      "type": "graph",
      "xaxis": {
        "buckets": null,
        "mode": "time",
        "name": null,
        "show": true,
        "values": []
      },
      "yaxes": [
        {
          "format": "bytes",
          "label": null,
          "logBase": 1,
          "max": null,
          "min": null,
          "show": true
        },
        {
          "format": "short",
          "label": null,
          "logBase": 1,
          "max": null,
          "min": null,
          "show": true
        }
      ],
      "yaxis": {
        "align": false,
        "alignLevel": null
      }
    },
    {
      "aliasColors": {},
      "bars": false,
      "dashLength": 10,
      "dashes": false,
      "datasource": "Victoria_metrics",
      "editable": true,
      "error": false,
      "fill": 1,
      "fillGradient": 0,
      "grid": {},
      "gridPos": {
        "h": 7,
        "w": 12,
        "x": 0,
        "y": 8
      },
      "hiddenSeries": false,
      "id": 2,
      "isNew": true,
      "legend": {
        "alignAsTable": true,
        "avg": true,
        "current": true,
        "max": true,
        "min": false,
        "show": true,
        "total": false,
        "values": true
      },
      "lines": true,
      "linewidth": 2,
      "links": [],
      "nullPointMode": "connected",
      "options": {
        "alertThreshold": true
      },
      "percentage": false,
      "pluginVersion": "8.1.2",
      "pointradius": 5,
      "points": false,
      "renderer": "flot",
      "seriesOverrides": [
        {
          "alias": "alloc rate",
          "yaxis": 2
        }
      ],
      "spaceLength": 10,
      "stack": false,
      "steppedLine": false,
      "targets": [
        {
          "expr": "go_memstats_alloc_bytes{job=\"$job\"}",
          "format": "time_series",
          "hide": false,
          "interval": "",
          "intervalFactor": 2,
          "legendFormat": "{{pod}} - bytes allocated",
          "metric": "go_memstats_alloc_bytes",
          "refId": "A",
          "step": 4
        },
        {
          "expr": "rate(go_memstats_alloc_bytes_total{job=\"$job\"}[30s])",
          "format": "time_series",
          "hide": false,
          "interval": "",
          "intervalFactor": 2,
          "legendFormat": "{{pod}} - alloc rate",
          "metric": "go_memstats_alloc_bytes_total",
          "refId": "B",
          "step": 4
        },
        {
          "expr": "go_memstats_stack_inuse_bytes{namespace=~\"^($namespace)$\",pod=~\"^($pod)$\"}",
          "format": "time_series",
          "intervalFactor": 2,
          "legendFormat": "{{pod}} - stack inuse",
          "metric": "go_memstats_stack_inuse_bytes",
          "refId": "C",
          "step": 4
        },
        {
          "expr": "go_memstats_heap_inuse_bytes{namespace=~\"^($namespace)$\",pod=~\"^($pod)$\"}",
          "format": "time_series",
          "hide": false,
          "intervalFactor": 2,
          "legendFormat": "{{pod}} - heap inuse",
          "metric": "go_memstats_heap_inuse_bytes",
          "refId": "D",
          "step": 4
        }
      ],
      "thresholds": [],
      "timeFrom": null,
      "timeRegions": [],
      "timeShift": null,
      "title": "go memstats",
      "tooltip": {
        "msResolution": false,
        "shared": true,
        "sort": 0,
        "value_type": "cumulative"
      },
      "type": "graph",
      "xaxis": {
        "buckets": null,
        "mode": "time",
        "name": null,
        "show": true,
        "values": []
      },
      "yaxes": [
        {
          "format": "bytes",
          "label": null,
          "logBase": 1,
          "max": null,
          "min": null,
          "show": true
        },
        {
          "format": "Bps",
          "label": null,
          "logBase": 1,
          "max": null,
          "min": null,
          "show": true
        }
      ],
      "yaxis": {
        "align": false,
        "alignLevel": null
      }
    },
    {
      "aliasColors": {},
      "bars": false,
      "dashLength": 10,
      "dashes": false,
      "datasource": "Victoria_metrics",
      "editable": true,
      "error": false,
      "fill": 1,
      "fillGradient": 0,
      "grid": {},
      "gridPos": {
        "h": 7,
        "w": 12,
        "x": 12,
        "y": 8
      },
      "hiddenSeries": false,
      "id": 5,
      "isNew": true,
      "legend": {
        "alignAsTable": true,
        "avg": true,
        "current": true,
        "max": true,
        "min": false,
        "show": true,
        "total": false,
        "values": true
      },
      "lines": true,
      "linewidth": 2,
      "links": [],
      "nullPointMode": "connected",
      "options": {
        "alertThreshold": true
      },
      "percentage": false,
      "pluginVersion": "8.1.2",
      "pointradius": 5,
      "points": false,
      "renderer": "flot",
      "seriesOverrides": [
        {
          "alias": "alloc rate",
          "yaxis": 2
        }
      ],
      "spaceLength": 10,
      "stack": false,
      "steppedLine": false,
      "targets": [
        {
          "expr": "rate(go_memstats_alloc_bytes{job=\"$job\"}[30s])",
          "format": "time_series",
          "hide": false,
          "interval": "",
          "intervalFactor": 2,
          "legendFormat": "{{pod}} - bytes allocated",
          "metric": "go_memstats_alloc_bytes",
          "refId": "A",
          "step": 4
        },
        {
          "expr": "rate(go_memstats_alloc_bytes_total{job=\"$job\"}[30s])",
          "format": "time_series",
          "hide": false,
          "interval": "",
          "intervalFactor": 2,
          "legendFormat": "{{pod}} - alloc rate",
          "metric": "go_memstats_alloc_bytes_total",
          "refId": "B",
          "step": 4
        },
        {
          "expr": "deriv(go_memstats_stack_inuse_bytes{job=\"$job\"}[30s])",
          "format": "time_series",
          "hide": false,
          "interval": "",
          "intervalFactor": 2,
          "legendFormat": "{{pod}} - stack inuse",
          "metric": "go_memstats_stack_inuse_bytes",
          "refId": "C",
          "step": 4
        },
        {
          "expr": "rate(go_memstats_heap_inuse_bytes{job=\"$job\"}[30s])",
          "format": "time_series",
          "hide": false,
          "interval": "",
          "intervalFactor": 2,
          "legendFormat": "{{pod}} - heap inuse",
          "metric": "go_memstats_heap_inuse_bytes",
          "refId": "D",
          "step": 4
        }
      ],
      "thresholds": [],
      "timeFrom": null,
      "timeRegions": [],
      "timeShift": null,
      "title": "go memstats",
      "tooltip": {
        "msResolution": false,
        "shared": true,
        "sort": 0,
        "value_type": "cumulative"
      },
      "type": "graph",
      "xaxis": {
        "buckets": null,
        "mode": "time",
        "name": null,
        "show": true,
        "values": []
      },
      "yaxes": [
        {
          "format": "bytes",
          "label": null,
          "logBase": 1,
          "max": null,
          "min": null,
          "show": true
        },
        {
          "format": "Bps",
          "label": null,
          "logBase": 1,
          "max": null,
          "min": null,
          "show": true
        }
      ],
      "yaxis": {
        "align": false,
        "alignLevel": null
      }
    },
    {
      "aliasColors": {},
      "bars": false,
      "dashLength": 10,
      "dashes": false,
      "datasource": "Victoria_metrics",
      "editable": true,
      "error": false,
      "fill": 1,
      "fillGradient": 0,
      "grid": {},
      "gridPos": {
        "h": 7,
        "w": 12,
        "x": 0,
        "y": 15
      },
      "hiddenSeries": false,
      "id": 3,
      "isNew": true,
      "legend": {
        "alignAsTable": true,
        "avg": true,
        "current": true,
        "max": true,
        "min": false,
        "show": true,
        "total": false,
        "values": true
      },
      "lines": true,
      "linewidth": 2,
      "links": [],
      "nullPointMode": "connected",
      "options": {
        "alertThreshold": true
      },
      "percentage": false,
      "pluginVersion": "8.1.2",
      "pointradius": 5,
      "points": false,
      "renderer": "flot",
      "seriesOverrides": [],
      "spaceLength": 10,
      "stack": false,
      "steppedLine": false,
      "targets": [
        {
          "expr": "process_open_fds{job=\"$job\"}",
          "format": "time_series",
          "interval": "",
          "intervalFactor": 2,
          "legendFormat": "{{__name__}}",
          "metric": "process_open_fds",
          "refId": "A",
          "step": 4
        }
      ],
      "thresholds": [],
      "timeFrom": null,
      "timeRegions": [],
      "timeShift": null,
      "title": "open fds",
      "tooltip": {
        "msResolution": false,
        "shared": true,
        "sort": 0,
        "value_type": "cumulative"
      },
      "type": "graph",
      "xaxis": {
        "buckets": null,
        "mode": "time",
        "name": null,
        "show": true,
        "values": []
      },
      "yaxes": [
        {
          "format": "short",
          "label": null,
          "logBase": 1,
          "max": null,
          "min": null,
          "show": true
        },
        {
          "format": "short",
          "label": null,
          "logBase": 1,
          "max": null,
          "min": null,
          "show": true
        }
      ],
      "yaxis": {
        "align": false,
        "alignLevel": null
      }
    },
    {
      "aliasColors": {},
      "bars": false,
      "dashLength": 10,
      "dashes": false,
      "datasource": "Victoria_metrics",
      "editable": true,
      "error": false,
      "fill": 1,
      "fillGradient": 0,
      "grid": {},
      "gridPos": {
        "h": 7,
        "w": 12,
        "x": 12,
        "y": 15
      },
      "hiddenSeries": false,
      "id": 6,
      "isNew": true,
      "legend": {
        "alignAsTable": true,
        "avg": true,
        "current": true,
        "max": true,
        "min": false,
        "show": true,
        "total": false,
        "values": true
      },
      "lines": true,
      "linewidth": 2,
      "links": [],
      "nullPointMode": "connected",
      "options": {
        "alertThreshold": true
      },
      "percentage": false,
      "pluginVersion": "8.1.2",
      "pointradius": 5,
      "points": false,
      "renderer": "flot",
      "seriesOverrides": [],
      "spaceLength": 10,
      "stack": false,
      "steppedLine": false,
      "targets": [
        {
          "expr": "rate(process_open_fds{job=\"$job\"}[30s])",
          "format": "time_series",
          "interval": "",
          "intervalFactor": 2,
          "legendFormat": "{{instance}}",
          "metric": "process_open_fds",
          "refId": "A",
          "step": 4
        }
      ],
      "thresholds": [],
      "timeFrom": null,
      "timeRegions": [],
      "timeShift": null,
      "title": "open fds deriv",
      "tooltip": {
        "msResolution": false,
        "shared": true,
        "sort": 0,
        "value_type": "cumulative"
      },
      "type": "graph",
      "xaxis": {
        "buckets": null,
        "mode": "time",
        "name": null,
        "show": true,
        "values": []
      },
      "yaxes": [
        {
          "format": "short",
          "label": null,
          "logBase": 1,
          "max": null,
          "min": null,
          "show": true
        },
        {
          "format": "short",
          "label": null,
          "logBase": 1,
          "max": null,
          "min": null,
          "show": true
        }
      ],
      "yaxis": {
        "align": false,
        "alignLevel": null
      }
    },
    {
      "aliasColors": {},
      "bars": false,
      "dashLength": 10,
      "dashes": false,
      "datasource": "Victoria_metrics",
      "editable": true,
      "error": false,
      "fill": 1,
      "fillGradient": 0,
      "grid": {},
      "gridPos": {
        "h": 7,
        "w": 12,
        "x": 0,
        "y": 22
      },
      "hiddenSeries": false,
      "id": 7,
      "isNew": true,
      "legend": {
        "alignAsTable": true,
        "avg": true,
        "current": true,
        "max": true,
        "min": false,
        "show": true,
        "total": false,
        "values": true
      },
      "lines": true,
      "linewidth": 2,
      "links": [],
      "nullPointMode": "connected",
      "options": {
        "alertThreshold": true
      },
      "percentage": false,
      "pluginVersion": "8.1.2",
      "pointradius": 5,
      "points": false,
      "renderer": "flot",
      "seriesOverrides": [],
      "spaceLength": 10,
      "stack": false,
      "steppedLine": false,
      "targets": [
        {
          "expr": "go_goroutines{job=\"$job\"}",
          "format": "time_series",
          "interval": "",
          "intervalFactor": 2,
          "legendFormat": "{{__name__}}",
          "metric": "go_goroutines",
          "refId": "A",
          "step": 4
        }
      ],
      "thresholds": [],
      "timeFrom": null,
      "timeRegions": [],
      "timeShift": null,
      "title": "Goroutines",
      "tooltip": {
        "msResolution": false,
        "shared": true,
        "sort": 0,
        "value_type": "cumulative"
      },
      "type": "graph",
      "xaxis": {
        "buckets": null,
        "mode": "time",
        "name": null,
        "show": true,
        "values": []
      },
      "yaxes": [
        {
          "format": "short",
          "label": null,
          "logBase": 1,
          "max": null,
          "min": null,
          "show": true
        },
        {
          "format": "short",
          "label": null,
          "logBase": 1,
          "max": null,
          "min": null,
          "show": true
        }
      ],
      "yaxis": {
        "align": false,
        "alignLevel": null
      }
    },
    {
      "aliasColors": {},
      "bars": false,
      "dashLength": 10,
      "dashes": false,
      "datasource": "Victoria_metrics",
      "editable": true,
      "error": false,
      "fill": 1,
      "fillGradient": 0,
      "grid": {},
      "gridPos": {
        "h": 7,
        "w": 12,
        "x": 12,
        "y": 22
      },
      "hiddenSeries": false,
      "id": 8,
      "isNew": true,
      "legend": {
        "alignAsTable": true,
        "avg": true,
        "current": true,
        "max": true,
        "min": false,
        "show": true,
        "total": false,
        "values": true
      },
      "lines": true,
      "linewidth": 2,
      "links": [],
      "nullPointMode": "connected",
      "options": {
        "alertThreshold": true
      },
      "percentage": false,
      "pluginVersion": "8.1.2",
      "pointradius": 5,
      "points": false,
      "renderer": "flot",
      "seriesOverrides": [],
      "spaceLength": 10,
      "stack": false,
      "steppedLine": false,
      "targets": [
        {
          "expr": "go_gc_duration_seconds{job=\"$job\"}",
          "format": "time_series",
          "interval": "",
          "intervalFactor": 2,
          "legendFormat": "{{pod}}: {{quantile}}",
          "metric": "go_gc_duration_seconds",
          "refId": "A",
          "step": 4
        }
      ],
      "thresholds": [],
      "timeFrom": null,
      "timeRegions": [],
      "timeShift": null,
      "title": "GC duration quantiles",
      "tooltip": {
        "msResolution": false,
        "shared": true,
        "sort": 0,
        "value_type": "cumulative"
      },
      "type": "graph",
      "xaxis": {
        "buckets": null,
        "mode": "time",
        "name": null,
        "show": true,
        "values": []
      },
      "yaxes": [
        {
          "format": "s",
          "label": null,
          "logBase": 1,
          "max": null,
          "min": null,
          "show": true
        },
        {
          "format": "short",
          "label": null,
          "logBase": 1,
          "max": null,
          "min": null,
          "show": true
        }
      ],
      "yaxis": {
        "align": false,
        "alignLevel": null
      }
    }
  ],
  "refresh": "30s",
  "schemaVersion": 30,
  "style": "dark",
  "tags": [],
  "templating": {
    "list": [
      {
        "current": {
          "selected": false,
          "text": "Prometheus_scaper_storage",
          "value": "Prometheus_scaper_storage"
        },
        "description": null,
        "error": null,
        "hide": 1,
        "includeAll": false,
        "label": "Datasourse",
        "multi": false,
        "name": "datasourse",
        "options": [],
        "query": "prometheus",
        "queryValue": "",
        "refresh": 1,
        "regex": "",
        "skipUrlSync": false,
        "type": "datasource"
      },
      {
        "allValue": null,
        "current": {
          "selected": false,
          "text": "ammunition",
          "value": "ammunition"
        },
        "datasource": "Victoria_metrics",
        "definition": "label_values(go_goroutines,job)",
        "description": null,
        "error": null,
        "hide": 0,
        "includeAll": false,
        "label": null,
        "multi": false,
        "name": "job",
        "options": [],
        "query": {
          "query": "label_values(go_goroutines,job)",
          "refId": "StandardVariableQuery"
        },
        "refresh": 1,
        "regex": "",
        "skipUrlSync": false,
        "sort": 0,
        "tagValuesQuery": "",
        "tagsQuery": "",
        "type": "query",
        "useTags": false
      }
    ]
  },
  "time": {
    "from": "now-1h",
    "to": "now"
  },
  "timepicker": {
    "refresh_intervals": [
      "5s",
      "10s",
      "30s",
      "1m",
      "5m",
      "15m",
      "30m",
      "1h",
      "2h",
      "1d"
    ],
    "time_options": [
      "5m",
      "15m",
      "1h",
      "6h",
      "12h",
      "24h",
      "2d",
      "7d",
      "30d"
    ]
  },
  "timezone": "browser",
  "title": "Go metrics Overview",
  "uid": "YUoOn6Gnk",
  "version": 5
}