{
  "annotations": {
    "list": [
      {
        "builtIn": 1,
        "datasource": "Victoria_metrics",
        "enable": true,
        "hide": true,
        "iconColor": "rgba(0, 211, 255, 1)",
        "name": "Annotations & Alerts",
        "target": {
          "limit": 100,
          "matchAny": false,
          "tags": [],
          "type": "dashboard"
        },
        "type": "dashboard"
      }
    ]
  },
  "description": "",
  "editable": true,
  "gnetId": 7589,
  "graphTooltip": 0,
  "id": 40,
  "iteration": 1631532413007,
  "links": [],
  "panels": [
    {
      "datasource": "Victoria_metrics",
      "fieldConfig": {
        "defaults": {
          "mappings": [],
          "thresholds": {
            "mode": "absolute",
            "steps": [
              {
                "color": "super-light-purple",
                "value": null
              },
              {
                "color": "dark-red",
                "value": 86500
              },
              {
                "color": "dark-yellow",
                "value": 124000
              },
              {
                "color": "dark-orange",
                "value": 172800
              },
              {
                "color": "dark-green",
                "value": 432000
              }
            ]
          },
          "unit": "s"
        },
        "overrides": []
      },
      "gridPos": {
        "h": 4,
        "w": 2,
        "x": 0,
        "y": 0
      },
      "id": 28,
      "options": {
        "colorMode": "value",
        "graphMode": "area",
        "justifyMode": "auto",
        "orientation": "auto",
        "reduceOptions": {
          "calcs": [
            "max"
          ],
          "fields": "",
          "values": false
        },
        "text": {},
        "textMode": "auto"
      },
      "pluginVersion": "8.1.2",
      "targets": [
        {
          "expr": "node_time_seconds{instance=~\"$host.+\"} - node_boot_time_seconds{instance=~\"$host.+\"}",
          "instant": true,
          "interval": "",
          "legendFormat": "",
          "refId": "A"
        }
      ],
      "timeFrom": null,
      "timeShift": null,
      "title": "Up Time",
      "type": "stat"
    },
    {
      "datasource": "Victoria_metrics",
      "fieldConfig": {
        "defaults": {
          "mappings": [],
          "thresholds": {
            "mode": "absolute",
            "steps": [
              {
                "color": "light-blue",
                "value": null
              }
            ]
          }
        },
        "overrides": []
      },
      "gridPos": {
        "h": 4,
        "w": 2,
        "x": 2,
        "y": 0
      },
      "id": 38,
      "options": {
        "colorMode": "value",
        "graphMode": "area",
        "justifyMode": "auto",
        "orientation": "auto",
        "reduceOptions": {
          "calcs": [
            "mean"
          ],
          "fields": "",
          "values": true
        },
        "text": {},
        "textMode": "auto"
      },
      "pluginVersion": "8.1.2",
      "targets": [
        {
          "expr": "kafka_brokers{instance=~\"$host.+\"}",
          "instant": true,
          "interval": "",
          "legendFormat": "",
          "refId": "A"
        }
      ],
      "timeFrom": null,
      "timeShift": null,
      "title": "Brokers",
      "type": "stat"
    },
    {
      "datasource": "Victoria_metrics",
      "fieldConfig": {
        "defaults": {
          "mappings": [],
          "thresholds": {
            "mode": "absolute",
            "steps": [
              {
                "color": "light-blue",
                "value": null
              }
            ]
          }
        },
        "overrides": []
      },
      "gridPos": {
        "h": 4,
        "w": 3,
        "x": 4,
        "y": 0
      },
      "id": 44,
      "options": {
        "colorMode": "value",
        "graphMode": "none",
        "justifyMode": "center",
        "orientation": "auto",
        "reduceOptions": {
          "calcs": [
            "mean"
          ],
          "fields": "",
          "values": false
        },
        "text": {},
        "textMode": "value"
      },
      "pluginVersion": "8.1.2",
      "targets": [
        {
          "expr": "sum(kafka_topic_partition_replicas{instance=~\"$host.+\"})by(host)",
          "hide": false,
          "interval": "",
          "legendFormat": "Replicas",
          "refId": "A"
        }
      ],
      "timeFrom": null,
      "timeShift": null,
      "title": "Replicas count",
      "type": "stat"
    },
    {
      "datasource": "Victoria_metrics",
      "fieldConfig": {
        "defaults": {
          "mappings": [],
          "max": 100,
          "min": 0,
          "thresholds": {
            "mode": "absolute",
            "steps": [
              {
                "color": "dark-green",
                "value": null
              },
              {
                "color": "dark-red",
                "value": 80
              }
            ]
          },
          "unit": "percent"
        },
        "overrides": []
      },
      "gridPos": {
        "h": 8,
        "w": 3,
        "x": 7,
        "y": 0
      },
      "id": 20,
      "options": {
        "reduceOptions": {
          "calcs": [
            "mean"
          ],
          "fields": "",
          "values": false
        },
        "showThresholdLabels": false,
        "showThresholdMarkers": true,
        "text": {}
      },
      "pluginVersion": "8.1.2",
      "targets": [
        {
          "expr": "100-instance:node_cpu_seconds_total:irate5m{mode='idle',instance=~\"$host.+\"}",
          "interval": "",
          "legendFormat": "",
          "refId": "A"
        }
      ],
      "timeFrom": null,
      "timeShift": null,
      "title": "CPU Load",
      "type": "gauge"
    },
    {
      "datasource": "Victoria_metrics",
      "fieldConfig": {
        "defaults": {
          "mappings": [],
          "max": 100,
          "min": 0,
          "thresholds": {
            "mode": "absolute",
            "steps": [
              {
                "color": "dark-green",
                "value": null
              },
              {
                "color": "dark-red",
                "value": 80
              }
            ]
          },
          "unit": "percent"
        },
        "overrides": []
      },
      "gridPos": {
        "h": 4,
        "w": 3,
        "x": 10,
        "y": 0
      },
      "id": 22,
      "options": {
        "reduceOptions": {
          "calcs": [
            "mean"
          ],
          "fields": "",
          "values": false
        },
        "showThresholdLabels": false,
        "showThresholdMarkers": true,
        "text": {}
      },
      "pluginVersion": "8.1.2",
      "targets": [
        {
          "expr": "instance:node_memory_load_bytes:total{instance=~\"$host.+\"}",
          "interval": "",
          "legendFormat": "",
          "refId": "A"
        }
      ],
      "timeFrom": null,
      "timeShift": null,
      "title": "RAM Usage",
      "type": "gauge"
    },
    {
      "datasource": "Victoria_metrics",
      "fieldConfig": {
        "defaults": {
          "mappings": [],
          "max": 100,
          "min": 0,
          "thresholds": {
            "mode": "percentage",
            "steps": [
              {
                "color": "dark-red",
                "value": null
              },
              {
                "color": "dark-red",
                "value": 5
              },
              {
                "color": "dark-orange",
                "value": 10
              },
              {
                "color": "dark-yellow",
                "value": 20
              },
              {
                "color": "dark-green",
                "value": 30
              }
            ]
          },
          "unit": "percent"
        },
        "overrides": []
      },
      "gridPos": {
        "h": 8,
        "w": 8,
        "x": 13,
        "y": 0
      },
      "id": 48,
      "options": {
        "reduceOptions": {
          "calcs": [
            "mean"
          ],
          "fields": "",
          "values": false
        },
        "showThresholdLabels": false,
        "showThresholdMarkers": true,
        "text": {}
      },
      "pluginVersion": "8.1.2",
      "targets": [
        {
          "expr": "instance:node_filesystem_free_total_bytes:sum{instance=~\"$host.+\"}",
          "hide": false,
          "interval": "",
          "legendFormat": "{{mountpoint}}",
          "refId": "A"
        }
      ],
      "timeFrom": null,
      "timeShift": null,
      "title": "Disk free Total",
      "type": "gauge"
    },
    {
      "datasource": "Victoria_metrics",
      "fieldConfig": {
        "defaults": {
          "custom": {
            "align": null,
            "displayMode": "color-text",
            "filterable": false
          },
          "mappings": [],
          "thresholds": {
            "mode": "absolute",
            "steps": [
              {
                "color": "dark-green",
                "value": null
              },
              {
                "color": "#EAB839",
                "value": 10000
              },
              {
                "color": "dark-orange",
                "value": 20000
              },
              {
                "color": "semi-dark-red",
                "value": 30000
              },
              {
                "color": "dark-red",
                "value": 50000
              }
            ]
          },
          "unit": "short"
        },
        "overrides": [
          {
            "matcher": {
              "id": "byName",
              "options": "Last"
            },
            "properties": [
              {
                "id": "custom.width",
                "value": 94
              }
            ]
          },
          {
            "matcher": {
              "id": "byName",
              "options": "Field"
            },
            "properties": [
              {
                "id": "custom.width",
                "value": 106
              }
            ]
          },
          {
            "matcher": {
              "id": "byName",
              "options": "Field"
            },
            "properties": [
              {
                "id": "color",
                "value": {
                  "fixedColor": "light-blue",
                  "mode": "fixed"
                }
              }
            ]
          }
        ]
      },
      "gridPos": {
        "h": 8,
        "w": 3,
        "x": 21,
        "y": 0
      },
      "id": 46,
      "options": {
        "showHeader": true,
        "sortBy": []
      },
      "pluginVersion": "8.1.2",
      "targets": [
        {
          "expr": "node_sockstat_TCP_tw{instance=~\"$host.+\"}",
          "interval": "",
          "legendFormat": "TW",
          "refId": "A"
        },
        {
          "expr": "node_netstat_Tcp_CurrEstab{instance=~\"$host.+\"}",
          "interval": "",
          "legendFormat": "CurrEstab",
          "refId": "B"
        },
        {
          "expr": "node_sockstat_sockets_used{instance=~\"$host.+\"}",
          "interval": "",
          "legendFormat": "Used",
          "refId": "C"
        },
        {
          "expr": "node_sockstat_TCP_alloc{instance=~\"$host.+\"}",
          "interval": "",
          "legendFormat": "Allocate",
          "refId": "D"
        },
        {
          "expr": "instance:node_netstat_Tcp_PassiveOpens:irate30s{instance=~\"$host.+\"}",
          "interval": "",
          "legendFormat": "PassiveOpens",
          "refId": "E"
        },
        {
          "expr": " instance:node_netstat_Tcp_ActiveOpens:irate30s{instance=~\"$host.+\"}",
          "interval": "",
          "legendFormat": "ActiveOpens",
          "refId": "F"
        },
        {
          "expr": "instance:node_netstat_Tcp_InSegs:irate30s{instance=~\"$host.+\"}",
          "interval": "",
          "legendFormat": "InSegs",
          "refId": "G"
        },
        {
          "expr": "instance:node_netstat_Tcp_OutSegs:irate30s{instance=~\"$host.+\"}",
          "interval": "",
          "legendFormat": "OutSegs",
          "refId": "H"
        },
        {
          "expr": " instance:node_netstat_Tcp_RetransSegs:irate30s{instance=~\"$host.+\"}",
          "interval": "",
          "legendFormat": "RetransSegs",
          "refId": "I"
        },
        {
          "expr": "instance:node_netstat_TcpExt_ListenDrops:irate30s{instance=~\"$host.+\"}",
          "interval": "",
          "legendFormat": "ListenDrops",
          "refId": "J"
        }
      ],
      "timeFrom": null,
      "timeShift": null,
      "title": "NetStat",
      "transformations": [
        {
          "id": "reduce",
          "options": {
            "includeTimeField": false,
            "mode": "seriesToRows",
            "reducers": [
              "last"
            ]
          }
        }
      ],
      "type": "table"
    },
    {
      "datasource": "Victoria_metrics",
      "fieldConfig": {
        "defaults": {
          "mappings": [],
          "thresholds": {
            "mode": "absolute",
            "steps": [
              {
                "color": "light-blue",
                "value": null
              }
            ]
          }
        },
        "overrides": []
      },
      "gridPos": {
        "h": 2,
        "w": 2,
        "x": 0,
        "y": 4
      },
      "id": 30,
      "options": {
        "colorMode": "value",
        "graphMode": "area",
        "justifyMode": "auto",
        "orientation": "auto",
        "reduceOptions": {
          "calcs": [
            "mean"
          ],
          "fields": "",
          "values": false
        },
        "text": {},
        "textMode": "auto"
      },
      "pluginVersion": "8.1.2",
      "targets": [
        {
          "expr": "instance:node_cpu_core:count{instance=~\"$host.+\"}",
          "instant": true,
          "interval": "",
          "legendFormat": "",
          "refId": "A"
        }
      ],
      "timeFrom": null,
      "timeShift": null,
      "title": "CPU",
      "type": "stat"
    },
    {
      "datasource": "Victoria_metrics",
      "fieldConfig": {
        "defaults": {
          "mappings": [],
          "thresholds": {
            "mode": "absolute",
            "steps": [
              {
                "color": "light-blue",
                "value": null
              }
            ]
          }
        },
        "overrides": []
      },
      "gridPos": {
        "h": 4,
        "w": 2,
        "x": 2,
        "y": 4
      },
      "id": 42,
      "options": {
        "colorMode": "value",
        "graphMode": "none",
        "justifyMode": "center",
        "orientation": "auto",
        "reduceOptions": {
          "calcs": [
            "mean"
          ],
          "fields": "",
          "values": false
        },
        "text": {},
        "textMode": "value"
      },
      "pluginVersion": "8.1.2",
      "targets": [
        {
          "expr": "sum(kafka_topic_partition_leader{instance=~\"$host.+\"})by(host)",
          "hide": false,
          "interval": "",
          "legendFormat": "Leader",
          "refId": "B"
        }
      ],
      "timeFrom": null,
      "timeShift": null,
      "title": "Leader count",
      "type": "stat"
    },
    {
      "datasource": "Victoria_metrics",
      "fieldConfig": {
        "defaults": {
          "mappings": [],
          "thresholds": {
            "mode": "absolute",
            "steps": [
              {
                "color": "light-blue",
                "value": null
              }
            ]
          }
        },
        "overrides": []
      },
      "gridPos": {
        "h": 4,
        "w": 3,
        "x": 4,
        "y": 4
      },
      "id": 40,
      "options": {
        "colorMode": "value",
        "graphMode": "none",
        "justifyMode": "auto",
        "orientation": "auto",
        "reduceOptions": {
          "calcs": [
            "mean"
          ],
          "fields": "",
          "values": false
        },
        "text": {},
        "textMode": "auto"
      },
      "pluginVersion": "8.1.2",
      "targets": [
        {
          "expr": "count(kafka_topic_partitions{instance=~\"$host.+\"})",
          "instant": false,
          "interval": "",
          "legendFormat": "",
          "refId": "A"
        }
      ],
      "timeFrom": null,
      "timeShift": null,
      "title": "Partitions count",
      "type": "stat"
    },
    {
      "datasource": "Victoria_metrics",
      "fieldConfig": {
        "defaults": {
          "mappings": [],
          "max": 100,
          "min": 0,
          "thresholds": {
            "mode": "absolute",
            "steps": [
              {
                "color": "dark-green",
                "value": null
              },
              {
                "color": "dark-red",
                "value": 80
              }
            ]
          },
          "unit": "percent"
        },
        "overrides": []
      },
      "gridPos": {
        "h": 4,
        "w": 3,
        "x": 10,
        "y": 4
      },
      "id": 34,
      "options": {
        "reduceOptions": {
          "calcs": [
            "mean"
          ],
          "fields": "",
          "values": false
        },
        "showThresholdLabels": false,
        "showThresholdMarkers": true,
        "text": {}
      },
      "pluginVersion": "8.1.2",
      "targets": [
        {
          "expr": "instance:node_swap_usage:total{instance=~\"$host.+\"}",
          "interval": "",
          "legendFormat": "",
          "refId": "A"
        }
      ],
      "timeFrom": null,
      "timeShift": null,
      "title": "SWAP Usage",
      "type": "gauge"
    },
    {
      "datasource": "Victoria_metrics",
      "fieldConfig": {
        "defaults": {
          "mappings": [],
          "thresholds": {
            "mode": "absolute",
            "steps": [
              {
                "color": "light-blue",
                "value": null
              }
            ]
          },
          "unit": "bytes"
        },
        "overrides": []
      },
      "gridPos": {
        "h": 2,
        "w": 2,
        "x": 0,
        "y": 6
      },
      "id": 32,
      "options": {
        "colorMode": "value",
        "graphMode": "area",
        "justifyMode": "auto",
        "orientation": "auto",
        "reduceOptions": {
          "calcs": [
            "mean"
          ],
          "fields": "",
          "values": false
        },
        "text": {},
        "textMode": "auto"
      },
      "pluginVersion": "8.1.2",
      "targets": [
        {
          "expr": "node_memory_MemTotal_bytes{instance=~\"$host.+\"}",
          "instant": true,
          "interval": "",
          "legendFormat": "",
          "refId": "A"
        }
      ],
      "timeFrom": null,
      "timeShift": null,
      "title": "RAM",
      "type": "stat"
    },
    {
      "collapsed": true,
      "datasource": "Victoria_metrics",
      "gridPos": {
        "h": 1,
        "w": 24,
        "x": 0,
        "y": 8
      },
      "id": 50,
      "panels": [
        {
          "datasource": "Victoria_metrics",
          "fieldConfig": {
            "defaults": {
              "color": {
                "mode": "palette-classic"
              },
              "custom": {
                "axisLabel": "",
                "axisPlacement": "auto",
                "barAlignment": 0,
                "drawStyle": "line",
                "fillOpacity": 0,
                "gradientMode": "none",
                "hideFrom": {
                  "legend": false,
                  "tooltip": false,
                  "viz": false
                },
                "lineInterpolation": "linear",
                "lineWidth": 1,
                "pointSize": 5,
                "scaleDistribution": {
                  "type": "linear"
                },
                "showPoints": "never",
                "spanNulls": false,
                "stacking": {
                  "group": "A",
                  "mode": "none"
                },
                "thresholdsStyle": {
                  "mode": "off"
                }
              },
              "mappings": [],
              "min": 0,
              "thresholds": {
                "mode": "absolute",
                "steps": [
                  {
                    "color": "green",
                    "value": null
                  },
                  {
                    "color": "red",
                    "value": 80
                  }
                ]
              },
              "unit": "short"
            },
            "overrides": []
          },
          "gridPos": {
            "h": 10,
            "w": 24,
            "x": 0,
            "y": 9
          },
          "id": 12,
          "links": [],
          "options": {
            "legend": {
              "calcs": [
                "mean",
                "lastNotNull"
              ],
              "displayMode": "table",
              "placement": "bottom"
            },
            "tooltip": {
              "mode": "single"
            }
          },
          "pluginVersion": "8.1.1",
          "targets": [
            {
              "expr": "kafka:kafka_consumergroup_lag:sum{instance=~\"$host.+\",topic=~\"$topic\"}",
              "format": "time_series",
              "instant": false,
              "interval": "",
              "intervalFactor": 1,
              "legendFormat": "{{consumergroup}} (topic: {{topic}})",
              "refId": "A"
            }
          ],
          "timeFrom": null,
          "timeShift": null,
          "title": "Lag by  Consumer Group",
          "type": "timeseries"
        },
        {
          "datasource": "Victoria_metrics",
          "fieldConfig": {
            "defaults": {
              "color": {
                "mode": "continuous-GrYlRd"
              },
              "mappings": [],
              "thresholds": {
                "mode": "absolute",
                "steps": [
                  {
                    "color": "green",
                    "value": null
                  },
                  {
                    "color": "red",
                    "value": 80
                  }
                ]
              }
            },
            "overrides": []
          },
          "gridPos": {
            "h": 6,
            "w": 24,
            "x": 0,
            "y": 19
          },
          "id": 8,
          "links": [],
          "options": {
            "displayMode": "lcd",
            "orientation": "horizontal",
            "reduceOptions": {
              "calcs": [
                "lastNotNull"
              ],
              "fields": "",
              "values": false
            },
            "showUnfilled": true,
            "text": {}
          },
          "pluginVersion": "8.1.1",
          "targets": [
            {
              "exemplar": true,
              "expr": "kafka:kafka_topic_partitions:sum{instance=~\"$host.+\",topic=~\"$topic\"}",
              "format": "time_series",
              "instant": true,
              "interval": "",
              "intervalFactor": 1,
              "legendFormat": "{{topic}}",
              "refId": "A"
            }
          ],
          "timeFrom": null,
          "timeShift": null,
          "title": "Partitions per Topic",
          "transformations": [
            {
              "id": "sortBy",
              "options": {
                "fields": {},
                "sort": [
                  {
                    "desc": false,
                    "field": "journal_server_monitor_arm"
                  }
                ]
              }
            }
          ],
          "type": "bargauge"
        }
      ],
      "title": "Topic info",
      "type": "row"
    },
    {
      "collapsed": true,
      "datasource": "Victoria_metrics",
      "gridPos": {
        "h": 1,
        "w": 24,
        "x": 0,
        "y": 9
      },
      "id": 52,
      "panels": [
        {
          "datasource": "Victoria_metrics",
          "fieldConfig": {
            "defaults": {
              "color": {
                "mode": "palette-classic"
              },
              "custom": {
                "axisLabel": "",
                "axisPlacement": "auto",
                "barAlignment": 0,
                "drawStyle": "line",
                "fillOpacity": 0,
                "gradientMode": "none",
                "hideFrom": {
                  "legend": false,
                  "tooltip": false,
                  "viz": false
                },
                "lineInterpolation": "smooth",
                "lineWidth": 1,
                "pointSize": 5,
                "scaleDistribution": {
                  "type": "linear"
                },
                "showPoints": "never",
                "spanNulls": false,
                "stacking": {
                  "group": "A",
                  "mode": "none"
                },
                "thresholdsStyle": {
                  "mode": "off"
                }
              },
              "mappings": [],
              "min": 0,
              "thresholds": {
                "mode": "absolute",
                "steps": [
                  {
                    "color": "green",
                    "value": null
                  },
                  {
                    "color": "red",
                    "value": 80
                  }
                ]
              },
              "unit": "short"
            },
            "overrides": []
          },
          "gridPos": {
            "h": 10,
            "w": 24,
            "x": 0,
            "y": 10
          },
          "id": 14,
          "links": [],
          "options": {
            "legend": {
              "calcs": [
                "mean",
                "lastNotNull"
              ],
              "displayMode": "table",
              "placement": "bottom"
            },
            "tooltip": {
              "mode": "single"
            }
          },
          "pluginVersion": "8.1.1",
          "targets": [
            {
              "expr": "kafka:kafka_topic_partition_current_offset:sumbyrate1m{instance=~\"$host.+\",topic=~\"$topic\"}",
              "format": "time_series",
              "hide": false,
              "interval": "",
              "intervalFactor": 1,
              "legendFormat": "{{topic}}",
              "refId": "B"
            }
          ],
          "timeFrom": null,
          "timeShift": null,
          "title": "Message in per second",
          "type": "timeseries"
        },
        {
          "datasource": "Victoria_metrics",
          "fieldConfig": {
            "defaults": {
              "color": {
                "mode": "palette-classic"
              },
              "custom": {
                "axisLabel": "",
                "axisPlacement": "auto",
                "barAlignment": 0,
                "drawStyle": "line",
                "fillOpacity": 0,
                "gradientMode": "none",
                "hideFrom": {
                  "legend": false,
                  "tooltip": false,
                  "viz": false
                },
                "lineInterpolation": "smooth",
                "lineWidth": 1,
                "pointSize": 5,
                "scaleDistribution": {
                  "type": "linear"
                },
                "showPoints": "never",
                "spanNulls": false,
                "stacking": {
                  "group": "A",
                  "mode": "none"
                },
                "thresholdsStyle": {
                  "mode": "off"
                }
              },
              "mappings": [],
              "thresholds": {
                "mode": "absolute",
                "steps": [
                  {
                    "color": "green",
                    "value": null
                  },
                  {
                    "color": "red",
                    "value": 80
                  }
                ]
              },
              "unit": "short"
            },
            "overrides": []
          },
          "gridPos": {
            "h": 9,
            "w": 24,
            "x": 0,
            "y": 20
          },
          "id": 18,
          "links": [],
          "options": {
            "legend": {
              "calcs": [
                "lastNotNull",
                "max"
              ],
              "displayMode": "table",
              "placement": "bottom"
            },
            "tooltip": {
              "mode": "single"
            }
          },
          "pluginVersion": "8.1.1",
          "targets": [
            {
              "expr": "kafka:kafka_consumergroup_current_offset:sumbydelta5m{instance=~\"$host.+\",topic=~\"$topic\"}",
              "format": "time_series",
              "interval": "",
              "intervalFactor": 1,
              "legendFormat": "{{consumergroup}} (topic: {{topic}})",
              "refId": "A"
            }
          ],
          "timeFrom": null,
          "timeShift": null,
          "title": "Message consume per minute",
          "type": "timeseries"
        }
      ],
      "title": "Messages",
      "type": "row"
    }
  ],
  "refresh": "10s",
  "schemaVersion": 30,
  "style": "dark",
  "tags": [
    "Kafka"
  ],
  "templating": {
    "list": [
      {
        "allValue": null,
        "current": {
          "selected": false,
          "text": "Common",
          "value": "Common"
        },
        "datasource": "Victoria_metrics",
        "definition": "label_values(kafka_topic_partitions, group)",
        "description": null,
        "error": null,
        "hide": 0,
        "includeAll": false,
        "label": "Group",
        "multi": false,
        "name": "group",
        "options": [],
        "query": {
          "query": "label_values(kafka_topic_partitions, group)",
          "refId": "StandardVariableQuery"
        },
        "refresh": 2,
        "regex": "",
        "skipUrlSync": false,
        "sort": 0,
        "tagValuesQuery": "",
        "tagsQuery": "",
        "type": "query",
        "useTags": false
      },
      {
        "allValue": null,
        "current": {
          "selected": false,
          "text": "Kafka",
          "value": "Kafka"
        },
        "datasource": "Victoria_metrics",
        "definition": "label_values(kafka_topic_partitions{group=~\"$group\"}, service)",
        "description": null,
        "error": null,
        "hide": 0,
        "includeAll": false,
        "label": "service",
        "multi": false,
        "name": "service",
        "options": [],
        "query": {
          "query": "label_values(kafka_topic_partitions{group=~\"$group\"}, service)",
          "refId": "StandardVariableQuery"
        },
        "refresh": 2,
        "regex": "",
        "skipUrlSync": false,
        "sort": 0,
        "tagValuesQuery": "",
        "tagsQuery": "",
        "type": "query",
        "useTags": false
      },
      {
        "allValue": null,
        "current": {
          "selected": false,
          "text": "172.27.195.170",
          "value": "172.27.195.170"
        },
        "datasource": "Victoria_metrics",
        "definition": "label_values(kafka_topic_partitions{service=\"$service\"}, instance)",
        "description": null,
        "error": null,
        "hide": 0,
        "includeAll": false,
        "label": "Host",
        "multi": true,
        "name": "host",
        "options": [],
        "query": {
          "query": "label_values(kafka_topic_partitions{service=\"$service\"}, instance)",
          "refId": "StandardVariableQuery"
        },
        "refresh": 2,
        "regex": "/(.*):/",
        "skipUrlSync": false,
        "sort": 0,
        "tagValuesQuery": "",
        "tagsQuery": "",
        "type": "query",
        "useTags": false
      },
      {
        "allValue": null,
        "current": {
          "selected": true,
          "text": [
            "All"
          ],
          "value": [
            "$__all"
          ]
        },
        "datasource": "Victoria_metrics",
        "definition": "label_values(kafka:kafka_consumergroup_lag:sum{instance=~\"$host.+\"}, topic)",
        "description": null,
        "error": null,
        "hide": 0,
        "includeAll": true,
        "label": "topic",
        "multi": true,
        "name": "topic",
        "options": [],
        "query": {
          "query": "label_values(kafka:kafka_consumergroup_lag:sum{instance=~\"$host.+\"}, topic)",
          "refId": "Prometheus_main_storage-topic-Variable-Query"
        },
        "refresh": 2,
        "regex": "",
        "skipUrlSync": false,
        "sort": 1,
        "tagValuesQuery": "",
        "type": "query",
        "useTags": false
      }
    ]
  },
  "time": {
    "from": "now-30m",
    "to": "now"
  },
  "timepicker": {
    "refresh_intervals": [
      "5s",
      "10s",
      "30s",
      "1m",
      "5m",
      "15m",
      "30m",
      "1h",
      "2h",
      "1d"
    ],
    "time_options": [
      "5m",
      "15m",
      "1h",
      "6h",
      "12h",
      "24h",
      "2d",
      "7d",
      "30d"
    ]
  },
  "timezone": "browser",
  "title": "Kafka Exporter Overview",
  "uid": "oSUo46Mnk",
  "version": 7
}