{
  "annotations": {
    "list": [
      {
        "builtIn": 1,
        "datasource": "Victoria_metrics",
        "enable": true,
        "hide": true,
        "iconColor": "rgba(0, 211, 255, 1)",
        "limit": 100,
        "name": "Annotations & Alerts",
        "showIn": 0,
        "target": {
          "limit": 100,
          "matchAny": false,
          "tags": [],
          "type": "dashboard"
        },
        "type": "dashboard"
      }
    ]
  },
  "description": "",
  "editable": true,
  "gnetId": 1860,
  "graphTooltip": 1,
  "id": 45,
  "iteration": 1631532432672,
  "links": [],
  "panels": [
    {
      "datasource": "Victoria_metrics",
      "fieldConfig": {
        "defaults": {
          "mappings": [],
          "thresholds": {
            "mode": "absolute",
            "steps": [
              {
                "color": "super-light-purple",
                "value": null
              },
              {
                "color": "dark-red",
                "value": 86500
              },
              {
                "color": "dark-yellow",
                "value": 124000
              },
              {
                "color": "dark-orange",
                "value": 172800
              },
              {
                "color": "dark-green",
                "value": 432000
              }
            ]
          },
          "unit": "s"
        },
        "overrides": []
      },
      "gridPos": {
        "h": 3,
        "w": 4,
        "x": 0,
        "y": 0
      },
      "id": 314,
      "options": {
        "colorMode": "value",
        "graphMode": "area",
        "justifyMode": "auto",
        "orientation": "auto",
        "reduceOptions": {
          "calcs": [
            "max"
          ],
          "fields": "",
          "values": false
        },
        "text": {},
        "textMode": "auto"
      },
      "pluginVersion": "8.1.2",
      "targets": [
        {
          "exemplar": true,
          "expr": "node_time_seconds{instance=~\"$host.+\"} - node_boot_time_seconds{instance=~\"$host.+\"}",
          "instant": true,
          "interval": "",
          "legendFormat": "",
          "refId": "A"
        }
      ],
      "timeFrom": null,
      "timeShift": null,
      "title": "Up Time",
      "type": "stat"
    },
    {
      "datasource": "Victoria_metrics",
      "fieldConfig": {
        "defaults": {
          "mappings": [],
          "max": 100,
          "min": 0,
          "thresholds": {
            "mode": "absolute",
            "steps": [
              {
                "color": "dark-green",
                "value": null
              },
              {
                "color": "dark-red",
                "value": 80
              }
            ]
          },
          "unit": "percent"
        },
        "overrides": []
      },
      "gridPos": {
        "h": 7,
        "w": 3,
        "x": 4,
        "y": 0
      },
      "id": 308,
      "options": {
        "orientation": "auto",
        "reduceOptions": {
          "calcs": [
            "mean"
          ],
          "fields": "",
          "values": false
        },
        "showThresholdLabels": false,
        "showThresholdMarkers": true,
        "text": {}
      },
      "pluginVersion": "8.1.2",
      "targets": [
        {
          "expr": "100-instance:node_cpu_seconds_total:irate5m{mode='idle',instance=~\"$host.+\"}",
          "instant": false,
          "interval": "",
          "legendFormat": "",
          "refId": "A"
        }
      ],
      "timeFrom": null,
      "timeShift": null,
      "title": "CPU Load",
      "type": "gauge"
    },
    {
      "datasource": "Victoria_metrics",
      "fieldConfig": {
        "defaults": {
          "mappings": [],
          "max": 100,
          "min": 0,
          "thresholds": {
            "mode": "absolute",
            "steps": [
              {
                "color": "dark-green",
                "value": null
              },
              {
                "color": "dark-red",
                "value": 80
              }
            ]
          },
          "unit": "percent"
        },
        "overrides": []
      },
      "gridPos": {
        "h": 7,
        "w": 3,
        "x": 7,
        "y": 0
      },
      "id": 310,
      "options": {
        "reduceOptions": {
          "calcs": [
            "mean"
          ],
          "fields": "",
          "values": false
        },
        "showThresholdLabels": false,
        "showThresholdMarkers": true,
        "text": {}
      },
      "pluginVersion": "8.1.2",
      "targets": [
        {
          "expr": "instance:node_memory_load_bytes:total{instance=~\"$host.+\"}",
          "interval": "",
          "legendFormat": "",
          "refId": "A"
        }
      ],
      "timeFrom": null,
      "timeShift": null,
      "title": "RAM Load",
      "type": "gauge"
    },
    {
      "datasource": "Victoria_metrics",
      "fieldConfig": {
        "defaults": {
          "mappings": [],
          "max": 100,
          "min": 0,
          "thresholds": {
            "mode": "absolute",
            "steps": [
              {
                "color": "dark-green",
                "value": null
              },
              {
                "color": "dark-red",
                "value": 80
              }
            ]
          },
          "unit": "percent"
        },
        "overrides": []
      },
      "gridPos": {
        "h": 7,
        "w": 3,
        "x": 10,
        "y": 0
      },
      "id": 320,
      "options": {
        "reduceOptions": {
          "calcs": [
            "mean"
          ],
          "fields": "",
          "values": false
        },
        "showThresholdLabels": false,
        "showThresholdMarkers": true,
        "text": {}
      },
      "pluginVersion": "8.1.2",
      "targets": [
        {
          "expr": "instance:node_swap_usage:total{instance=~\"$host.+\"}",
          "interval": "",
          "legendFormat": "",
          "refId": "A"
        }
      ],
      "timeFrom": null,
      "timeShift": null,
      "title": "SWAP Usage",
      "type": "gauge"
    },
    {
      "datasource": "Victoria_metrics",
      "fieldConfig": {
        "defaults": {
          "mappings": [],
          "max": 100,
          "min": 0,
          "thresholds": {
            "mode": "percentage",
            "steps": [
              {
                "color": "dark-red",
                "value": null
              },
              {
                "color": "dark-red",
                "value": 5
              },
              {
                "color": "dark-orange",
                "value": 10
              },
              {
                "color": "dark-yellow",
                "value": 20
              },
              {
                "color": "dark-green",
                "value": 30
              }
            ]
          },
          "unit": "percent"
        },
        "overrides": []
      },
      "gridPos": {
        "h": 7,
        "w": 8,
        "x": 13,
        "y": 0
      },
      "id": 312,
      "options": {
        "reduceOptions": {
          "calcs": [
            "mean"
          ],
          "fields": "",
          "values": false
        },
        "showThresholdLabels": false,
        "showThresholdMarkers": true,
        "text": {}
      },
      "pluginVersion": "8.1.2",
      "targets": [
        {
          "expr": "instance:node_filesystem_free_total_bytes:sum{instance=~\"$host.+\"}",
          "hide": false,
          "interval": "",
          "legendFormat": "{{mountpoint}}",
          "refId": "A"
        }
      ],
      "timeFrom": null,
      "timeShift": null,
      "title": "Disk free Total",
      "type": "gauge"
    },
    {
      "datasource": "Victoria_metrics",
      "fieldConfig": {
        "defaults": {
          "custom": {
            "align": null,
            "displayMode": "color-text",
            "filterable": false
          },
          "mappings": [],
          "thresholds": {
            "mode": "absolute",
            "steps": [
              {
                "color": "dark-green",
                "value": null
              },
              {
                "color": "#EAB839",
                "value": 10000
              },
              {
                "color": "dark-orange",
                "value": 20000
              },
              {
                "color": "semi-dark-red",
                "value": 30000
              },
              {
                "color": "dark-red",
                "value": 50000
              }
            ]
          },
          "unit": "short"
        },
        "overrides": [
          {
            "matcher": {
              "id": "byName",
              "options": "Last"
            },
            "properties": [
              {
                "id": "custom.width",
                "value": 100
              }
            ]
          },
          {
            "matcher": {
              "id": "byName",
              "options": "Field"
            },
            "properties": [
              {
                "id": "custom.width",
                "value": 94
              }
            ]
          },
          {
            "matcher": {
              "id": "byName",
              "options": "Field"
            },
            "properties": [
              {
                "id": "color",
                "value": {
                  "fixedColor": "light-blue",
                  "mode": "fixed"
                }
              }
            ]
          }
        ]
      },
      "gridPos": {
        "h": 7,
        "w": 3,
        "x": 21,
        "y": 0
      },
      "id": 322,
      "options": {
        "showHeader": true,
        "sortBy": [
          {
            "desc": true,
            "displayName": "Last"
          }
        ]
      },
      "pluginVersion": "8.1.2",
      "targets": [
        {
          "exemplar": true,
          "expr": "node_sockstat_TCP_tw{instance=~\"$host.+\"}",
          "interval": "",
          "legendFormat": "TW",
          "refId": "A"
        },
        {
          "exemplar": true,
          "expr": "node_netstat_Tcp_CurrEstab{instance=~\"$host.+\"}",
          "interval": "",
          "legendFormat": "CurrEstab",
          "refId": "B"
        },
        {
          "exemplar": true,
          "expr": "node_sockstat_sockets_used{instance=~\"$host.+\"}",
          "interval": "",
          "legendFormat": "Used",
          "refId": "C"
        },
        {
          "exemplar": true,
          "expr": "node_sockstat_TCP_alloc{instance=~\"$host.+\"}",
          "interval": "",
          "legendFormat": "Allocate",
          "refId": "D"
        },
        {
          "expr": "instance:node_netstat_Tcp_PassiveOpens:irate30s{instance=~\"$host.+\"}",
          "interval": "",
          "legendFormat": "PassiveOpens",
          "refId": "E"
        },
        {
          "expr": " instance:node_netstat_Tcp_ActiveOpens:irate30s{instance=~\"$host.+\"}",
          "interval": "",
          "legendFormat": "ActiveOpens",
          "refId": "F"
        },
        {
          "expr": "instance:node_netstat_Tcp_InSegs:irate30s{instance=~\"$host.+\"}",
          "interval": "",
          "legendFormat": "InSegs",
          "refId": "G"
        },
        {
          "expr": "instance:node_netstat_Tcp_OutSegs:irate30s{instance=~\"$host.+\"}",
          "interval": "",
          "legendFormat": "OutSegs",
          "refId": "H"
        },
        {
          "expr": " instance:node_netstat_Tcp_RetransSegs:irate30s{instance=~\"$host.+\"}",
          "interval": "",
          "legendFormat": "RetransSegs",
          "refId": "I"
        },
        {
          "expr": "instance:node_netstat_TcpExt_ListenDrops:irate30s{instance=~\"$host.+\"}",
          "interval": "",
          "legendFormat": "ListenDrops",
          "refId": "J"
        }
      ],
      "timeFrom": null,
      "timeShift": null,
      "title": "NetStat",
      "transformations": [
        {
          "id": "reduce",
          "options": {
            "includeTimeField": false,
            "mode": "seriesToRows",
            "reducers": [
              "last"
            ]
          }
        }
      ],
      "type": "table"
    },
    {
      "datasource": "Victoria_metrics",
      "fieldConfig": {
        "defaults": {
          "mappings": [],
          "thresholds": {
            "mode": "absolute",
            "steps": [
              {
                "color": "light-blue",
                "value": null
              }
            ]
          }
        },
        "overrides": []
      },
      "gridPos": {
        "h": 4,
        "w": 2,
        "x": 0,
        "y": 3
      },
      "id": 316,
      "options": {
        "colorMode": "value",
        "graphMode": "area",
        "justifyMode": "auto",
        "orientation": "auto",
        "reduceOptions": {
          "calcs": [
            "mean"
          ],
          "fields": "",
          "values": false
        },
        "text": {},
        "textMode": "auto"
      },
      "pluginVersion": "8.1.2",
      "targets": [
        {
          "expr": "instance:node_cpu_core:count{instance=~\"$host.+\"}",
          "instant": true,
          "interval": "",
          "legendFormat": "",
          "refId": "A"
        }
      ],
      "timeFrom": null,
      "timeShift": null,
      "title": "CPU",
      "type": "stat"
    },
    {
      "datasource": "Victoria_metrics",
      "fieldConfig": {
        "defaults": {
          "mappings": [],
          "thresholds": {
            "mode": "absolute",
            "steps": [
              {
                "color": "light-blue",
                "value": null
              }
            ]
          },
          "unit": "bytes"
        },
        "overrides": []
      },
      "gridPos": {
        "h": 4,
        "w": 2,
        "x": 2,
        "y": 3
      },
      "id": 318,
      "options": {
        "colorMode": "value",
        "graphMode": "area",
        "justifyMode": "auto",
        "orientation": "auto",
        "reduceOptions": {
          "calcs": [
            "mean"
          ],
          "fields": "",
          "values": false
        },
        "text": {},
        "textMode": "auto"
      },
      "pluginVersion": "8.1.2",
      "targets": [
        {
          "expr": "node_memory_MemTotal_bytes{instance=~\"$host.+\"}",
          "instant": true,
          "interval": "",
          "legendFormat": "",
          "refId": "A"
        }
      ],
      "timeFrom": null,
      "timeShift": null,
      "title": "RAM",
      "type": "stat"
    },
    {
      "collapsed": true,
      "datasource": "Victoria_metrics",
      "gridPos": {
        "h": 1,
        "w": 24,
        "x": 0,
        "y": 7
      },
      "id": 339,
      "panels": [
        {
          "datasource": "Victoria_metrics",
          "fieldConfig": {
            "defaults": {
              "color": {
                "mode": "palette-classic"
              },
              "custom": {
                "axisLabel": "",
                "axisPlacement": "auto",
                "barAlignment": 0,
                "drawStyle": "line",
                "fillOpacity": 30,
                "gradientMode": "none",
                "hideFrom": {
                  "legend": false,
                  "tooltip": false,
                  "viz": false
                },
                "lineInterpolation": "smooth",
                "lineWidth": 1,
                "pointSize": 5,
                "scaleDistribution": {
                  "type": "linear"
                },
                "showPoints": "never",
                "spanNulls": false,
                "stacking": {
                  "group": "A",
                  "mode": "normal"
                },
                "thresholdsStyle": {
                  "mode": "off"
                }
              },
              "decimals": 2,
              "mappings": [],
              "max": 100,
              "min": 0,
              "thresholds": {
                "mode": "absolute",
                "steps": [
                  {
                    "color": "green",
                    "value": null
                  },
                  {
                    "color": "red",
                    "value": 80
                  }
                ]
              },
              "unit": "none"
            },
            "overrides": [
              {
                "matcher": {
                  "id": "byName",
                  "options": "idle"
                },
                "properties": [
                  {
                    "id": "color",
                    "value": {
                      "fixedColor": "rgb(31, 82, 25)",
                      "mode": "fixed"
                    }
                  }
                ]
              },
              {
                "matcher": {
                  "id": "byName",
                  "options": "iowait"
                },
                "properties": [
                  {
                    "id": "color",
                    "value": {
                      "fixedColor": "light-yellow",
                      "mode": "fixed"
                    }
                  }
                ]
              },
              {
                "matcher": {
                  "id": "byName",
                  "options": "irq"
                },
                "properties": [
                  {
                    "id": "color",
                    "value": {
                      "fixedColor": "semi-dark-red",
                      "mode": "fixed"
                    }
                  }
                ]
              },
              {
                "matcher": {
                  "id": "byName",
                  "options": "nice"
                },
                "properties": [
                  {
                    "id": "color",
                    "value": {
                      "fixedColor": "super-light-orange",
                      "mode": "fixed"
                    }
                  }
                ]
              },
              {
                "matcher": {
                  "id": "byName",
                  "options": "softirq"
                },
                "properties": [
                  {
                    "id": "color",
                    "value": {
                      "fixedColor": "light-red",
                      "mode": "fixed"
                    }
                  }
                ]
              },
              {
                "matcher": {
                  "id": "byName",
                  "options": "steal"
                },
                "properties": [
                  {
                    "id": "color",
                    "value": {
                      "fixedColor": "super-light-purple",
                      "mode": "fixed"
                    }
                  }
                ]
              },
              {
                "matcher": {
                  "id": "byName",
                  "options": "system"
                },
                "properties": [
                  {
                    "id": "color",
                    "value": {
                      "fixedColor": "dark-orange",
                      "mode": "fixed"
                    }
                  }
                ]
              },
              {
                "matcher": {
                  "id": "byName",
                  "options": "user"
                },
                "properties": [
                  {
                    "id": "color",
                    "value": {
                      "fixedColor": "rgba(5, 26, 82, 0.95)",
                      "mode": "fixed"
                    }
                  }
                ]
              }
            ]
          },
          "gridPos": {
            "h": 8,
            "w": 24,
            "x": 0,
            "y": 8
          },
          "id": 327,
          "options": {
            "legend": {
              "calcs": [
                "mean",
                "lastNotNull"
              ],
              "displayMode": "table",
              "placement": "right"
            },
            "tooltip": {
              "mode": "single"
            }
          },
          "pluginVersion": "8.1.1",
          "repeat": null,
          "repeatDirection": "h",
          "targets": [
            {
              "exemplar": true,
              "expr": "instance:node_cpu_seconds_total:irate5m{mode=\"system\", instance=~\"$host.+\"}",
              "format": "time_series",
              "hide": false,
              "instant": false,
              "interval": "",
              "intervalFactor": 2,
              "legendFormat": "system",
              "refId": "D"
            },
            {
              "expr": "instance:node_cpu_seconds_total:irate5m{mode=\"user\", instance=~\"$host.+\"}",
              "format": "time_series",
              "hide": false,
              "instant": false,
              "interval": "",
              "intervalFactor": 2,
              "legendFormat": "user",
              "refId": "I"
            },
            {
              "expr": "instance:node_cpu_seconds_total:irate5m{mode=\"iowait\", instance=~\"$host.+\"}",
              "format": "time_series",
              "hide": false,
              "instant": false,
              "interval": "",
              "intervalFactor": 2,
              "legendFormat": "iowait",
              "refId": "B"
            },
            {
              "expr": "instance:node_cpu_seconds_total:irate5m{mode=\"steal\", instance=~\"$host.+\"}",
              "format": "time_series",
              "hide": false,
              "instant": false,
              "interval": "",
              "intervalFactor": 2,
              "legendFormat": "steal",
              "refId": "A"
            },
            {
              "expr": "instance:node_cpu_seconds_total:irate5m{mode=\"softirq\", instance=~\"$host.+\"}",
              "format": "time_series",
              "hide": false,
              "instant": false,
              "interval": "",
              "intervalFactor": 2,
              "legendFormat": "softirq",
              "refId": "G"
            },
            {
              "expr": "instance:node_cpu_seconds_total:irate5m{mode=\"irq\", instance=~\"$host.+\"}",
              "format": "time_series",
              "hide": false,
              "instant": false,
              "interval": "",
              "intervalFactor": 2,
              "legendFormat": "irq",
              "refId": "E"
            },
            {
              "expr": "instance:node_cpu_seconds_total:irate5m{mode=\"nice\", instance=~\"$host.+\"}",
              "format": "time_series",
              "hide": false,
              "instant": false,
              "interval": "",
              "intervalFactor": 2,
              "legendFormat": "nice",
              "refId": "F"
            },
            {
              "expr": "instance:node_cpu_seconds_total:irate5m{mode=\"nice\", instance=~\"$host.+\"}",
              "format": "time_series",
              "hide": false,
              "instant": false,
              "interval": "",
              "intervalFactor": 2,
              "legendFormat": "steal",
              "refId": "H"
            },
            {
              "expr": "instance:node_cpu_seconds_total:irate5m{mode=\"idle\", instance=~\"$host.+\"}",
              "format": "time_series",
              "hide": false,
              "instant": false,
              "interval": "",
              "intervalFactor": 2,
              "legendFormat": "idle",
              "refId": "C"
            }
          ],
          "timeFrom": null,
          "timeShift": null,
          "title": "Basic CPU info",
          "transformations": [],
          "type": "timeseries"
        },
        {
          "datasource": "Victoria_metrics",
          "fieldConfig": {
            "defaults": {
              "color": {
                "mode": "palette-classic"
              },
              "custom": {
                "axisLabel": "",
                "axisPlacement": "auto",
                "barAlignment": 0,
                "drawStyle": "line",
                "fillOpacity": 10,
                "gradientMode": "none",
                "hideFrom": {
                  "legend": false,
                  "tooltip": false,
                  "viz": false
                },
                "lineInterpolation": "smooth",
                "lineStyle": {
                  "fill": "solid"
                },
                "lineWidth": 1,
                "pointSize": 5,
                "scaleDistribution": {
                  "type": "linear"
                },
                "showPoints": "never",
                "spanNulls": false,
                "stacking": {
                  "group": "A",
                  "mode": "none"
                },
                "thresholdsStyle": {
                  "mode": "off"
                }
              },
              "links": [],
              "mappings": [],
              "thresholds": {
                "mode": "absolute",
                "steps": [
                  {
                    "color": "green",
                    "value": null
                  },
                  {
                    "color": "red",
                    "value": 80
                  }
                ]
              },
              "unit": "short"
            },
            "overrides": [
              {
                "matcher": {
                  "id": "byName",
                  "options": "Switches"
                },
                "properties": [
                  {
                    "id": "color",
                    "value": {
                      "fixedColor": "dark-green",
                      "mode": "fixed"
                    }
                  }
                ]
              }
            ]
          },
          "gridPos": {
            "h": 7,
            "w": 24,
            "x": 0,
            "y": 16
          },
          "id": 300,
          "interval": "$aggregation",
          "links": [],
          "options": {
            "legend": {
              "calcs": [],
              "displayMode": "list",
              "placement": "bottom"
            },
            "tooltip": {
              "mode": "single"
            }
          },
          "pluginVersion": "8.1.1",
          "targets": [
            {
              "expr": "instance:node_context_switches_total:rate1m{instance=~\"$host.+\"}",
              "format": "time_series",
              "interval": "",
              "intervalFactor": 1,
              "legendFormat": "Switches",
              "refId": "A"
            }
          ],
          "timeFrom": null,
          "timeShift": null,
          "title": "Context Switch",
          "type": "timeseries"
        }
      ],
      "title": "CPU",
      "type": "row"
    },
    {
      "collapsed": true,
      "datasource": "Victoria_metrics",
      "gridPos": {
        "h": 1,
        "w": 24,
        "x": 0,
        "y": 8
      },
      "id": 337,
      "panels": [
        {
          "datasource": "Victoria_metrics",
          "description": "",
          "fieldConfig": {
            "defaults": {
              "color": {
                "mode": "palette-classic"
              },
              "custom": {
                "axisLabel": "",
                "axisPlacement": "auto",
                "barAlignment": 0,
                "drawStyle": "line",
                "fillOpacity": 5,
                "gradientMode": "none",
                "hideFrom": {
                  "legend": false,
                  "tooltip": false,
                  "viz": false
                },
                "lineInterpolation": "smooth",
                "lineWidth": 1,
                "pointSize": 5,
                "scaleDistribution": {
                  "type": "linear"
                },
                "showPoints": "never",
                "spanNulls": true,
                "stacking": {
                  "group": "A",
                  "mode": "none"
                },
                "thresholdsStyle": {
                  "mode": "off"
                }
              },
              "links": [],
              "mappings": [],
              "min": 0,
              "thresholds": {
                "mode": "absolute",
                "steps": [
                  {
                    "color": "green",
                    "value": null
                  },
                  {
                    "color": "red",
                    "value": 80
                  }
                ]
              },
              "unit": "bytes"
            },
            "overrides": [
              {
                "matcher": {
                  "id": "byName",
                  "options": "Apps"
                },
                "properties": [
                  {
                    "id": "color",
                    "value": {
                      "fixedColor": "#629E51",
                      "mode": "fixed"
                    }
                  }
                ]
              },
              {
                "matcher": {
                  "id": "byName",
                  "options": "Buffers"
                },
                "properties": [
                  {
                    "id": "color",
                    "value": {
                      "fixedColor": "#614D93",
                      "mode": "fixed"
                    }
                  }
                ]
              },
              {
                "matcher": {
                  "id": "byName",
                  "options": "Cache"
                },
                "properties": [
                  {
                    "id": "color",
                    "value": {
                      "fixedColor": "#6D1F62",
                      "mode": "fixed"
                    }
                  }
                ]
              },
              {
                "matcher": {
                  "id": "byName",
                  "options": "Cache + Buffer"
                },
                "properties": [
                  {
                    "id": "color",
                    "value": {
                      "fixedColor": "#6d1f62",
                      "mode": "fixed"
                    }
                  }
                ]
              },
              {
                "matcher": {
                  "id": "byName",
                  "options": "Cached"
                },
                "properties": [
                  {
                    "id": "color",
                    "value": {
                      "fixedColor": "#511749",
                      "mode": "fixed"
                    }
                  }
                ]
              },
              {
                "matcher": {
                  "id": "byName",
                  "options": "Committed"
                },
                "properties": [
                  {
                    "id": "color",
                    "value": {
                      "fixedColor": "#508642",
                      "mode": "fixed"
                    }
                  }
                ]
              },
              {
                "matcher": {
                  "id": "byName",
                  "options": "Free"
                },
                "properties": [
                  {
                    "id": "color",
                    "value": {
                      "fixedColor": "light-green",
                      "mode": "fixed"
                    }
                  }
                ]
              },
              {
                "matcher": {
                  "id": "byName",
                  "options": "Harware Corrupted - Amount of RAM that the kernel identified as corrupted / not working"
                },
                "properties": [
                  {
                    "id": "color",
                    "value": {
                      "fixedColor": "#CFFAFF",
                      "mode": "fixed"
                    }
                  }
                ]
              },
              {
                "matcher": {
                  "id": "byName",
                  "options": "Inactive"
                },
                "properties": [
                  {
                    "id": "color",
                    "value": {
                      "fixedColor": "#584477",
                      "mode": "fixed"
                    }
                  }
                ]
              },
              {
                "matcher": {
                  "id": "byName",
                  "options": "PageTables"
                },
                "properties": [
                  {
                    "id": "color",
                    "value": {
                      "fixedColor": "#0A50A1",
                      "mode": "fixed"
                    }
                  }
                ]
              },
              {
                "matcher": {
                  "id": "byName",
                  "options": "Page_Tables"
                },
                "properties": [
                  {
                    "id": "color",
                    "value": {
                      "fixedColor": "#0A50A1",
                      "mode": "fixed"
                    }
                  }
                ]
              },
              {
                "matcher": {
                  "id": "byName",
                  "options": "RAM_Free"
                },
                "properties": [
                  {
                    "id": "color",
                    "value": {
                      "fixedColor": "#E0F9D7",
                      "mode": "fixed"
                    }
                  }
                ]
              },
              {
                "matcher": {
                  "id": "byName",
                  "options": "SWAP Used"
                },
                "properties": [
                  {
                    "id": "color",
                    "value": {
                      "fixedColor": "#BF1B00",
                      "mode": "fixed"
                    }
                  }
                ]
              },
              {
                "matcher": {
                  "id": "byName",
                  "options": "Slab"
                },
                "properties": [
                  {
                    "id": "color",
                    "value": {
                      "fixedColor": "#806EB7",
                      "mode": "fixed"
                    }
                  }
                ]
              },
              {
                "matcher": {
                  "id": "byName",
                  "options": "Slab_Cache"
                },
                "properties": [
                  {
                    "id": "color",
                    "value": {
                      "fixedColor": "#E0752D",
                      "mode": "fixed"
                    }
                  }
                ]
              },
              {
                "matcher": {
                  "id": "byName",
                  "options": "Swap"
                },
                "properties": [
                  {
                    "id": "color",
                    "value": {
                      "fixedColor": "#BF1B00",
                      "mode": "fixed"
                    }
                  }
                ]
              },
              {
                "matcher": {
                  "id": "byName",
                  "options": "Swap Used"
                },
                "properties": [
                  {
                    "id": "color",
                    "value": {
                      "fixedColor": "#BF1B00",
                      "mode": "fixed"
                    }
                  }
                ]
              },
              {
                "matcher": {
                  "id": "byName",
                  "options": "Swap_Cache"
                },
                "properties": [
                  {
                    "id": "color",
                    "value": {
                      "fixedColor": "#C15C17",
                      "mode": "fixed"
                    }
                  }
                ]
              },
              {
                "matcher": {
                  "id": "byName",
                  "options": "Swap_Free"
                },
                "properties": [
                  {
                    "id": "color",
                    "value": {
                      "fixedColor": "#2F575E",
                      "mode": "fixed"
                    }
                  }
                ]
              },
              {
                "matcher": {
                  "id": "byName",
                  "options": "Total"
                },
                "properties": [
                  {
                    "id": "color",
                    "value": {
                      "fixedColor": "dark-green",
                      "mode": "fixed"
                    }
                  }
                ]
              },
              {
                "matcher": {
                  "id": "byName",
                  "options": "Unused"
                },
                "properties": [
                  {
                    "id": "color",
                    "value": {
                      "fixedColor": "#EAB839",
                      "mode": "fixed"
                    }
                  }
                ]
              },
              {
                "matcher": {
                  "id": "byName",
                  "options": "Used"
                },
                "properties": [
                  {
                    "id": "color",
                    "value": {
                      "fixedColor": "dark-yellow",
                      "mode": "fixed"
                    }
                  }
                ]
              },
              {
                "matcher": {
                  "id": "byName",
                  "options": "RAM Total"
                },
                "properties": [
                  {
                    "id": "color",
                    "value": {
                      "fixedColor": "#E0F9D7",
                      "mode": "fixed"
                    }
                  },
                  {
                    "id": "custom.fillOpacity",
                    "value": 0
                  },
                  {
                    "id": "custom.stacking",
                    "value": {
                      "group": false,
                      "mode": "normal"
                    }
                  }
                ]
              },
              {
                "matcher": {
                  "id": "byName",
                  "options": "RAM Cache + Buffer"
                },
                "properties": [
                  {
                    "id": "color",
                    "value": {
                      "fixedColor": "#052B51",
                      "mode": "fixed"
                    }
                  }
                ]
              },
              {
                "matcher": {
                  "id": "byName",
                  "options": "RAM Free"
                },
                "properties": [
                  {
                    "id": "color",
                    "value": {
                      "fixedColor": "#7EB26D",
                      "mode": "fixed"
                    }
                  }
                ]
              },
              {
                "matcher": {
                  "id": "byName",
                  "options": "Avaliable"
                },
                "properties": [
                  {
                    "id": "color",
                    "value": {
                      "fixedColor": "#DEDAF7",
                      "mode": "fixed"
                    }
                  },
                  {
                    "id": "custom.fillOpacity",
                    "value": 0
                  },
                  {
                    "id": "custom.stacking",
                    "value": {
                      "group": false,
                      "mode": "normal"
                    }
                  }
                ]
              }
            ]
          },
          "gridPos": {
            "h": 7,
            "w": 12,
            "x": 0,
            "y": 9
          },
          "id": 78,
          "interval": "$aggregation",
          "links": [],
          "options": {
            "legend": {
              "calcs": [],
              "displayMode": "list",
              "placement": "bottom"
            },
            "tooltip": {
              "mode": "single"
            }
          },
          "pluginVersion": "8.1.1",
          "targets": [
            {
              "exemplar": true,
              "expr": "node_memory_MemTotal_bytes{instance=~\"$host.+\"}",
              "format": "time_series",
              "hide": false,
              "interval": "",
              "intervalFactor": 1,
              "legendFormat": "Total",
              "refId": "A",
              "step": 240
            },
            {
              "exemplar": true,
              "expr": "node_memory_MemFree_bytes{instance=~\"$host.+\"}",
              "format": "time_series",
              "interval": "",
              "intervalFactor": 1,
              "legendFormat": "Free",
              "refId": "F",
              "step": 240
            },
            {
              "exemplar": true,
              "expr": "node_memory_MemTotal_bytes{instance=~\"$host.+\"} - node_memory_MemAvailable_bytes{instance=~\"$host.+\"}",
              "interval": "",
              "intervalFactor": 1,
              "legendFormat": "Used",
              "refId": "C"
            },
            {
              "exemplar": true,
              "expr": "node_memory_Cached_bytes{instance=~\"$host.+\"} + node_memory_Buffers_bytes{instance=~\"$host.+\"}",
              "format": "time_series",
              "interval": "",
              "intervalFactor": 1,
              "legendFormat": "Cache + Buffer",
              "refId": "B",
              "step": 240
            }
          ],
          "timeFrom": null,
          "timeShift": null,
          "title": "Memory",
          "type": "timeseries"
        },
        {
          "datasource": "Victoria_metrics",
          "fieldConfig": {
            "defaults": {
              "color": {
                "mode": "palette-classic"
              },
              "custom": {
                "axisLabel": "",
                "axisPlacement": "auto",
                "barAlignment": 0,
                "drawStyle": "line",
                "fillOpacity": 10,
                "gradientMode": "none",
                "hideFrom": {
                  "legend": false,
                  "tooltip": false,
                  "viz": false
                },
                "lineInterpolation": "smooth",
                "lineWidth": 1,
                "pointSize": 5,
                "scaleDistribution": {
                  "type": "linear"
                },
                "showPoints": "never",
                "spanNulls": false,
                "stacking": {
                  "group": "A",
                  "mode": "none"
                },
                "thresholdsStyle": {
                  "mode": "off"
                }
              },
              "links": [],
              "mappings": [],
              "thresholds": {
                "mode": "absolute",
                "steps": [
                  {
                    "color": "green",
                    "value": null
                  },
                  {
                    "color": "red",
                    "value": 80
                  }
                ]
              },
              "unit": "Bps"
            },
            "overrides": [
              {
                "matcher": {
                  "id": "byName",
                  "options": "Inactive"
                },
                "properties": [
                  {
                    "id": "color",
                    "value": {
                      "fixedColor": "dark-yellow",
                      "mode": "fixed"
                    }
                  }
                ]
              },
              {
                "matcher": {
                  "id": "byName",
                  "options": "active"
                },
                "properties": [
                  {
                    "id": "color",
                    "value": {
                      "fixedColor": "dark-green",
                      "mode": "fixed"
                    }
                  }
                ]
              }
            ]
          },
          "gridPos": {
            "h": 7,
            "w": 12,
            "x": 12,
            "y": 9
          },
          "id": 295,
          "links": [],
          "options": {
            "legend": {
              "calcs": [],
              "displayMode": "list",
              "placement": "bottom"
            },
            "tooltip": {
              "mode": "single"
            }
          },
          "pluginVersion": "8.1.1",
          "targets": [
            {
              "expr": "instance:node_memory_Active_bytes:rate1m{instance=~\"$host.+\"}",
              "format": "time_series",
              "interval": "",
              "intervalFactor": 1,
              "legendFormat": "active",
              "refId": "A"
            },
            {
              "expr": "instance:node_network_receive_bytes_total:irate1m{instance=~\"$host.+\"}",
              "format": "time_series",
              "interval": "",
              "intervalFactor": 1,
              "legendFormat": "Inactive",
              "refId": "B"
            }
          ],
          "timeFrom": null,
          "timeShift": null,
          "title": "Memory active/inactive (byte/sec)",
          "type": "timeseries"
        },
        {
          "datasource": "Victoria_metrics",
          "fieldConfig": {
            "defaults": {
              "color": {
                "mode": "palette-classic"
              },
              "custom": {
                "axisLabel": "",
                "axisPlacement": "auto",
                "barAlignment": 0,
                "drawStyle": "line",
                "fillOpacity": 10,
                "gradientMode": "none",
                "hideFrom": {
                  "legend": false,
                  "tooltip": false,
                  "viz": false
                },
                "lineInterpolation": "smooth",
                "lineWidth": 1,
                "pointSize": 5,
                "scaleDistribution": {
                  "type": "linear"
                },
                "showPoints": "never",
                "spanNulls": false,
                "stacking": {
                  "group": "A",
                  "mode": "none"
                },
                "thresholdsStyle": {
                  "mode": "off"
                }
              },
              "links": [],
              "mappings": [],
              "thresholds": {
                "mode": "absolute",
                "steps": [
                  {
                    "color": "green",
                    "value": null
                  },
                  {
                    "color": "red",
                    "value": 80
                  }
                ]
              },
              "unit": "bytes"
            },
            "overrides": [
              {
                "matcher": {
                  "id": "byName",
                  "options": "Cached"
                },
                "properties": [
                  {
                    "id": "color",
                    "value": {
                      "fixedColor": "dark-blue",
                      "mode": "fixed"
                    }
                  }
                ]
              },
              {
                "matcher": {
                  "id": "byName",
                  "options": "Free"
                },
                "properties": [
                  {
                    "id": "color",
                    "value": {
                      "fixedColor": "dark-green",
                      "mode": "fixed"
                    }
                  }
                ]
              },
              {
                "matcher": {
                  "id": "byName",
                  "options": "Total"
                },
                "properties": [
                  {
                    "id": "color",
                    "value": {
                      "fixedColor": "dark-yellow",
                      "mode": "fixed"
                    }
                  }
                ]
              }
            ]
          },
          "gridPos": {
            "h": 7,
            "w": 24,
            "x": 0,
            "y": 16
          },
          "id": 291,
          "links": [],
          "options": {
            "legend": {
              "calcs": [],
              "displayMode": "list",
              "placement": "bottom"
            },
            "tooltip": {
              "mode": "single"
            }
          },
          "pluginVersion": "8.1.1",
          "targets": [
            {
              "exemplar": true,
              "expr": "node_memory_SwapFree_bytes{instance=~\"$host.+\"}",
              "format": "time_series",
              "interval": "",
              "intervalFactor": 1,
              "legendFormat": "Free",
              "refId": "A"
            },
            {
              "exemplar": true,
              "expr": "node_memory_SwapTotal_bytes{instance=~\"$host.+\"}",
              "format": "time_series",
              "interval": "",
              "intervalFactor": 1,
              "legendFormat": "Total",
              "refId": "B"
            },
            {
              "exemplar": true,
              "expr": "node_memory_SwapCached_bytes{instance=~\"$host.+\"}",
              "format": "time_series",
              "interval": "",
              "intervalFactor": 1,
              "legendFormat": "Cached",
              "refId": "C"
            }
          ],
          "timeFrom": null,
          "timeShift": null,
          "title": "Swap",
          "type": "timeseries"
        }
      ],
      "title": "Memory",
      "type": "row"
    },
    {
      "collapsed": true,
      "datasource": "Victoria_metrics",
      "gridPos": {
        "h": 1,
        "w": 24,
        "x": 0,
        "y": 9
      },
      "id": 335,
      "panels": [
        {
          "datasource": "Victoria_metrics",
          "fieldConfig": {
            "defaults": {
              "color": {
                "mode": "palette-classic"
              },
              "custom": {
                "axisLabel": "",
                "axisPlacement": "auto",
                "barAlignment": 0,
                "drawStyle": "line",
                "fillOpacity": 40,
                "gradientMode": "none",
                "hideFrom": {
                  "legend": false,
                  "tooltip": false,
                  "viz": false
                },
                "lineInterpolation": "smooth",
                "lineWidth": 1,
                "pointSize": 5,
                "scaleDistribution": {
                  "type": "linear"
                },
                "showPoints": "never",
                "spanNulls": false,
                "stacking": {
                  "group": "A",
                  "mode": "none"
                },
                "thresholdsStyle": {
                  "mode": "off"
                }
              },
              "links": [],
              "mappings": [],
              "thresholds": {
                "mode": "absolute",
                "steps": [
                  {
                    "color": "green",
                    "value": null
                  },
                  {
                    "color": "red",
                    "value": 80
                  }
                ]
              },
              "unit": "decbytes"
            },
            "overrides": [
              {
                "matcher": {
                  "id": "byName",
                  "options": "recive ens192"
                },
                "properties": [
                  {
                    "id": "color",
                    "value": {
                      "fixedColor": "dark-green",
                      "mode": "fixed"
                    }
                  }
                ]
              },
              {
                "matcher": {
                  "id": "byName",
                  "options": "recive lo"
                },
                "properties": [
                  {
                    "id": "color",
                    "value": {
                      "fixedColor": "dark-yellow",
                      "mode": "fixed"
                    }
                  }
                ]
              },
              {
                "matcher": {
                  "id": "byName",
                  "options": "transmit  ens192"
                },
                "properties": [
                  {
                    "id": "color",
                    "value": {
                      "fixedColor": "dark-blue",
                      "mode": "fixed"
                    }
                  }
                ]
              },
              {
                "matcher": {
                  "id": "byName",
                  "options": "transmit  lo"
                },
                "properties": [
                  {
                    "id": "color",
                    "value": {
                      "fixedColor": "dark-orange",
                      "mode": "fixed"
                    }
                  }
                ]
              }
            ]
          },
          "gridPos": {
            "h": 7,
            "w": 24,
            "x": 0,
            "y": 10
          },
          "id": 302,
          "options": {
            "legend": {
              "calcs": [],
              "displayMode": "list",
              "placement": "bottom"
            },
            "tooltip": {
              "mode": "single"
            }
          },
          "pluginVersion": "8.1.1",
          "targets": [
            {
              "expr": " instance:node_network_receive_bytes_total:irate1m{instance=~\"$host.+\"}",
              "interval": "",
              "legendFormat": "recive {{device}}",
              "refId": "A"
            },
            {
              "expr": "instance:node_network_transmit_bytes_total:irate1m{instance=~\"$host.+\"}",
              "instant": false,
              "interval": "",
              "legendFormat": "transmit  {{device}}",
              "refId": "B"
            }
          ],
          "timeFrom": null,
          "timeShift": null,
          "title": "traff",
          "type": "timeseries"
        },
        {
          "datasource": "Victoria_metrics",
          "fieldConfig": {
            "defaults": {
              "color": {
                "mode": "palette-classic"
              },
              "custom": {
                "axisLabel": "",
                "axisPlacement": "auto",
                "barAlignment": 0,
                "drawStyle": "line",
                "fillOpacity": 10,
                "gradientMode": "none",
                "hideFrom": {
                  "legend": false,
                  "tooltip": false,
                  "viz": false
                },
                "lineInterpolation": "smooth",
                "lineWidth": 1,
                "pointSize": 5,
                "scaleDistribution": {
                  "type": "linear"
                },
                "showPoints": "never",
                "spanNulls": false,
                "stacking": {
                  "group": "A",
                  "mode": "none"
                },
                "thresholdsStyle": {
                  "mode": "off"
                }
              },
              "links": [],
              "mappings": [],
              "thresholds": {
                "mode": "absolute",
                "steps": [
                  {
                    "color": "green",
                    "value": null
                  },
                  {
                    "color": "red",
                    "value": 80
                  }
                ]
              },
              "unit": "short"
            },
            "overrides": [
              {
                "matcher": {
                  "id": "byName",
                  "options": "RetransSeg"
                },
                "properties": [
                  {
                    "id": "color",
                    "value": {
                      "fixedColor": "dark-green",
                      "mode": "fixed"
                    }
                  }
                ]
              }
            ]
          },
          "gridPos": {
            "h": 8,
            "w": 24,
            "x": 0,
            "y": 17
          },
          "id": 306,
          "options": {
            "legend": {
              "calcs": [],
              "displayMode": "list",
              "placement": "bottom"
            },
            "tooltip": {
              "mode": "single"
            }
          },
          "pluginVersion": "8.1.1",
          "targets": [
            {
              "expr": "node_netstat_Tcp_CurrEstab{instance=~\"$host.+\"}",
              "interval": "",
              "legendFormat": "CurrEstab",
              "refId": "A"
            },
            {
              "expr": "node_sockstat_TCP_tw{instance=~\"$host.+\"}",
              "interval": "",
              "legendFormat": "tw",
              "refId": "B"
            },
            {
              "expr": "node_sockstat_sockets_used{instance=~\"$host.+\"}",
              "interval": "",
              "legendFormat": "used",
              "refId": "C"
            },
            {
              "expr": "node_sockstat_TCP_alloc{instance=~\"$host.+\"}",
              "interval": "",
              "legendFormat": "allocate",
              "refId": "D"
            },
            {
              "expr": "instance:node_netstat_Tcp_PassiveOpens:irate30s{instance=~\"$host.+\"}",
              "interval": "",
              "legendFormat": "PassiveOpen",
              "refId": "E"
            },
            {
              "expr": "instance:node_netstat_Tcp_ActiveOpens:irate30s{instance=~\"$host.+\"}",
              "interval": "",
              "legendFormat": "ActiveOpens",
              "refId": "F"
            },
            {
              "expr": "instance:node_netstat_Tcp_InSegs:irate30s{instance=~\"$host.+\"}",
              "interval": "",
              "legendFormat": "InSegs",
              "refId": "G"
            },
            {
              "expr": "instance:node_netstat_Tcp_OutSegs:irate30s{instance=~\"$host.+\"}",
              "interval": "",
              "legendFormat": "OutSegs",
              "refId": "H"
            },
            {
              "expr": "instance:node_netstat_Tcp_RetransSegs:irate30s{instance=~\"$host.+\"}",
              "interval": "",
              "legendFormat": "RetransSeg",
              "refId": "I"
            },
            {
              "expr": "instance:node_netstat_TcpExt_ListenDrops:irate30s{instance=~\"$host.+\"}",
              "interval": "",
              "legendFormat": "ListenDrop",
              "refId": "J"
            }
          ],
          "timeFrom": null,
          "timeShift": null,
          "title": "Netstat",
          "type": "timeseries"
        }
      ],
      "title": "Net",
      "type": "row"
    },
    {
      "collapsed": true,
      "datasource": "Victoria_metrics",
      "gridPos": {
        "h": 1,
        "w": 24,
        "x": 0,
        "y": 10
      },
      "id": 333,
      "panels": [
        {
          "datasource": "Victoria_metrics",
          "description": "",
          "fieldConfig": {
            "defaults": {
              "color": {
                "mode": "palette-classic"
              },
              "custom": {
                "axisLabel": "IO read (-) / write (+)",
                "axisPlacement": "auto",
                "barAlignment": 0,
                "drawStyle": "line",
                "fillOpacity": 20,
                "gradientMode": "none",
                "hideFrom": {
                  "legend": false,
                  "tooltip": false,
                  "viz": false
                },
                "lineInterpolation": "smooth",
                "lineWidth": 1,
                "pointSize": 5,
                "scaleDistribution": {
                  "type": "linear"
                },
                "showPoints": "never",
                "spanNulls": false,
                "stacking": {
                  "group": "A",
                  "mode": "none"
                },
                "thresholdsStyle": {
                  "mode": "off"
                }
              },
              "links": [],
              "mappings": [],
              "thresholds": {
                "mode": "absolute",
                "steps": [
                  {
                    "color": "green",
                    "value": null
                  },
                  {
                    "color": "red",
                    "value": 80
                  }
                ]
              },
              "unit": "iops"
            },
            "overrides": [
              {
                "matcher": {
                  "id": "byName",
                  "options": "sda - Writes completed"
                },
                "properties": [
                  {
                    "id": "color",
                    "value": {
                      "fixedColor": "dark-blue",
                      "mode": "fixed"
                    }
                  }
                ]
              },
              {
                "matcher": {
                  "id": "byName",
                  "options": "sdb - Writes completed"
                },
                "properties": [
                  {
                    "id": "color",
                    "value": {
                      "fixedColor": "dark-orange",
                      "mode": "fixed"
                    }
                  }
                ]
              },
              {
                "matcher": {
                  "id": "byRegexp",
                  "options": "/.*sda_.*/"
                },
                "properties": [
                  {
                    "id": "color",
                    "value": {
                      "fixedColor": "#7EB26D",
                      "mode": "fixed"
                    }
                  }
                ]
              },
              {
                "matcher": {
                  "id": "byRegexp",
                  "options": "/.*sdb_.*/"
                },
                "properties": [
                  {
                    "id": "color",
                    "value": {
                      "fixedColor": "#EAB839",
                      "mode": "fixed"
                    }
                  }
                ]
              },
              {
                "matcher": {
                  "id": "byRegexp",
                  "options": "/.*sdc_.*/"
                },
                "properties": [
                  {
                    "id": "color",
                    "value": {
                      "fixedColor": "#6ED0E0",
                      "mode": "fixed"
                    }
                  }
                ]
              },
              {
                "matcher": {
                  "id": "byRegexp",
                  "options": "/.*sdd_.*/"
                },
                "properties": [
                  {
                    "id": "color",
                    "value": {
                      "fixedColor": "#EF843C",
                      "mode": "fixed"
                    }
                  }
                ]
              },
              {
                "matcher": {
                  "id": "byRegexp",
                  "options": "/.*sde_.*/"
                },
                "properties": [
                  {
                    "id": "color",
                    "value": {
                      "fixedColor": "#E24D42",
                      "mode": "fixed"
                    }
                  }
                ]
              },
              {
                "matcher": {
                  "id": "byRegexp",
                  "options": "/.*sda1.*/"
                },
                "properties": [
                  {
                    "id": "color",
                    "value": {
                      "fixedColor": "#584477",
                      "mode": "fixed"
                    }
                  }
                ]
              },
              {
                "matcher": {
                  "id": "byRegexp",
                  "options": "/.*sda2_.*/"
                },
                "properties": [
                  {
                    "id": "color",
                    "value": {
                      "fixedColor": "#BA43A9",
                      "mode": "fixed"
                    }
                  }
                ]
              },
              {
                "matcher": {
                  "id": "byRegexp",
                  "options": "/.*sda3_.*/"
                },
                "properties": [
                  {
                    "id": "color",
                    "value": {
                      "fixedColor": "#F4D598",
                      "mode": "fixed"
                    }
                  }
                ]
              },
              {
                "matcher": {
                  "id": "byRegexp",
                  "options": "/.*sdb1.*/"
                },
                "properties": [
                  {
                    "id": "color",
                    "value": {
                      "fixedColor": "#0A50A1",
                      "mode": "fixed"
                    }
                  }
                ]
              },
              {
                "matcher": {
                  "id": "byRegexp",
                  "options": "/.*sdb2.*/"
                },
                "properties": [
                  {
                    "id": "color",
                    "value": {
                      "fixedColor": "#BF1B00",
                      "mode": "fixed"
                    }
                  }
                ]
              },
              {
                "matcher": {
                  "id": "byRegexp",
                  "options": "/.*sdb3.*/"
                },
                "properties": [
                  {
                    "id": "color",
                    "value": {
                      "fixedColor": "#E0752D",
                      "mode": "fixed"
                    }
                  }
                ]
              },
              {
                "matcher": {
                  "id": "byRegexp",
                  "options": "/.*sdc1.*/"
                },
                "properties": [
                  {
                    "id": "color",
                    "value": {
                      "fixedColor": "#962D82",
                      "mode": "fixed"
                    }
                  }
                ]
              },
              {
                "matcher": {
                  "id": "byRegexp",
                  "options": "/.*sdc2.*/"
                },
                "properties": [
                  {
                    "id": "color",
                    "value": {
                      "fixedColor": "#614D93",
                      "mode": "fixed"
                    }
                  }
                ]
              },
              {
                "matcher": {
                  "id": "byRegexp",
                  "options": "/.*sdc3.*/"
                },
                "properties": [
                  {
                    "id": "color",
                    "value": {
                      "fixedColor": "#9AC48A",
                      "mode": "fixed"
                    }
                  }
                ]
              },
              {
                "matcher": {
                  "id": "byRegexp",
                  "options": "/.*sdd1.*/"
                },
                "properties": [
                  {
                    "id": "color",
                    "value": {
                      "fixedColor": "#65C5DB",
                      "mode": "fixed"
                    }
                  }
                ]
              },
              {
                "matcher": {
                  "id": "byRegexp",
                  "options": "/.*sdd2.*/"
                },
                "properties": [
                  {
                    "id": "color",
                    "value": {
                      "fixedColor": "#F9934E",
                      "mode": "fixed"
                    }
                  }
                ]
              },
              {
                "matcher": {
                  "id": "byRegexp",
                  "options": "/.*sdd3.*/"
                },
                "properties": [
                  {
                    "id": "color",
                    "value": {
                      "fixedColor": "#EA6460",
                      "mode": "fixed"
                    }
                  }
                ]
              },
              {
                "matcher": {
                  "id": "byRegexp",
                  "options": "/.*sde1.*/"
                },
                "properties": [
                  {
                    "id": "color",
                    "value": {
                      "fixedColor": "#E0F9D7",
                      "mode": "fixed"
                    }
                  }
                ]
              },
              {
                "matcher": {
                  "id": "byRegexp",
                  "options": "/.*sdd2.*/"
                },
                "properties": [
                  {
                    "id": "color",
                    "value": {
                      "fixedColor": "#FCEACA",
                      "mode": "fixed"
                    }
                  }
                ]
              },
              {
                "matcher": {
                  "id": "byRegexp",
                  "options": "/.*sde3.*/"
                },
                "properties": [
                  {
                    "id": "color",
                    "value": {
                      "fixedColor": "#F9E2D2",
                      "mode": "fixed"
                    }
                  }
                ]
              }
            ]
          },
          "gridPos": {
            "h": 7,
            "w": 12,
            "x": 0,
            "y": 11
          },
          "id": 229,
          "links": [],
          "options": {
            "legend": {
              "calcs": [
                "mean",
                "lastNotNull",
                "max",
                "min"
              ],
              "displayMode": "table",
              "placement": "bottom"
            },
            "tooltip": {
              "mode": "single"
            }
          },
          "pluginVersion": "8.1.1",
          "targets": [
            {
              "expr": " instance:node_disk_reads_completed_total:irate1m{instance=~\"$host.+\"}",
              "format": "time_series",
              "interval": "",
              "intervalFactor": 4,
              "legendFormat": "{{device}} - Reads completed",
              "refId": "A",
              "step": 480
            },
            {
              "expr": " instance:node_disk_writes_completed_total:irate1m{instance=~\"$host.+\"}",
              "format": "time_series",
              "interval": "",
              "intervalFactor": 2,
              "legendFormat": "{{device}} - Writes completed",
              "refId": "B",
              "step": 240
            }
          ],
          "timeFrom": null,
          "timeShift": null,
          "title": "Disk IOps",
          "type": "timeseries"
        },
        {
          "datasource": "Victoria_metrics",
          "description": "",
          "fieldConfig": {
            "defaults": {
              "color": {
                "mode": "palette-classic"
              },
              "custom": {
                "axisLabel": "Bytes read (-) / write (+)",
                "axisPlacement": "auto",
                "barAlignment": 0,
                "drawStyle": "line",
                "fillOpacity": 40,
                "gradientMode": "none",
                "hideFrom": {
                  "legend": false,
                  "tooltip": false,
                  "viz": false
                },
                "lineInterpolation": "smooth",
                "lineWidth": 1,
                "pointSize": 5,
                "scaleDistribution": {
                  "type": "linear"
                },
                "showPoints": "never",
                "spanNulls": false,
                "stacking": {
                  "group": "A",
                  "mode": "none"
                },
                "thresholdsStyle": {
                  "mode": "off"
                }
              },
              "links": [],
              "mappings": [],
              "thresholds": {
                "mode": "absolute",
                "steps": [
                  {
                    "color": "green",
                    "value": null
                  },
                  {
                    "color": "red",
                    "value": 80
                  }
                ]
              },
              "unit": "bytes"
            },
            "overrides": [
              {
                "matcher": {
                  "id": "byName",
                  "options": "dm-0 - Successfully read bytes"
                },
                "properties": [
                  {
                    "id": "color",
                    "value": {
                      "fixedColor": "light-green",
                      "mode": "fixed"
                    }
                  }
                ]
              },
              {
                "matcher": {
                  "id": "byName",
                  "options": "dm-1 - Successfully read bytes"
                },
                "properties": [
                  {
                    "id": "color",
                    "value": {
                      "fixedColor": "dark-yellow",
                      "mode": "fixed"
                    }
                  }
                ]
              },
              {
                "matcher": {
                  "id": "byName",
                  "options": "io time"
                },
                "properties": [
                  {
                    "id": "color",
                    "value": {
                      "fixedColor": "#890F02",
                      "mode": "fixed"
                    }
                  }
                ]
              },
              {
                "matcher": {
                  "id": "byRegexp",
                  "options": "/.*sda.*/"
                },
                "properties": [
                  {
                    "id": "color",
                    "value": {
                      "fixedColor": "#7EB26D",
                      "mode": "fixed"
                    }
                  }
                ]
              },
              {
                "matcher": {
                  "id": "byRegexp",
                  "options": "/.*sdb.*/"
                },
                "properties": [
                  {
                    "id": "color",
                    "value": {
                      "fixedColor": "#EAB839",
                      "mode": "fixed"
                    }
                  }
                ]
              },
              {
                "matcher": {
                  "id": "byRegexp",
                  "options": "/.*sdc.*/"
                },
                "properties": [
                  {
                    "id": "color",
                    "value": {
                      "fixedColor": "#6ED0E0",
                      "mode": "fixed"
                    }
                  }
                ]
              },
              {
                "matcher": {
                  "id": "byRegexp",
                  "options": "/.*sdd.*/"
                },
                "properties": [
                  {
                    "id": "color",
                    "value": {
                      "fixedColor": "#EF843C",
                      "mode": "fixed"
                    }
                  }
                ]
              },
              {
                "matcher": {
                  "id": "byRegexp",
                  "options": "/.*sde.*/"
                },
                "properties": [
                  {
                    "id": "color",
                    "value": {
                      "fixedColor": "#E24D42",
                      "mode": "fixed"
                    }
                  }
                ]
              }
            ]
          },
          "gridPos": {
            "h": 7,
            "w": 12,
            "x": 12,
            "y": 11
          },
          "id": 42,
          "links": [],
          "options": {
            "legend": {
              "calcs": [
                "mean",
                "lastNotNull",
                "max",
                "min"
              ],
              "displayMode": "table",
              "placement": "bottom"
            },
            "tooltip": {
              "mode": "single"
            }
          },
          "pluginVersion": "8.1.1",
          "targets": [
            {
              "expr": " instance:node_disk_read_bytes_total:irate1m{instance=~\"$host.+\"}",
              "format": "time_series",
              "hide": false,
              "interval": "",
              "intervalFactor": 2,
              "legendFormat": "{{device}} - Successfully read bytes",
              "refId": "A",
              "step": 240
            },
            {
              "expr": "instance:node_disk_written_bytes_total:irate1m{instance=~\"$host.+\"}",
              "format": "time_series",
              "hide": false,
              "interval": "",
              "intervalFactor": 2,
              "legendFormat": "{{device}} - Successfully written bytes",
              "refId": "B",
              "step": 240
            }
          ],
          "timeFrom": null,
          "timeShift": null,
          "title": "I/O Usage Read / Write",
          "type": "timeseries"
        },
        {
          "datasource": "Victoria_metrics",
          "description": "",
          "fieldConfig": {
            "defaults": {
              "color": {
                "mode": "palette-classic"
              },
              "custom": {
                "axisLabel": "Milliseconds",
                "axisPlacement": "auto",
                "barAlignment": 0,
                "drawStyle": "line",
                "fillOpacity": 40,
                "gradientMode": "none",
                "hideFrom": {
                  "legend": false,
                  "tooltip": false,
                  "viz": false
                },
                "lineInterpolation": "smooth",
                "lineWidth": 1,
                "pointSize": 5,
                "scaleDistribution": {
                  "type": "linear"
                },
                "showPoints": "never",
                "spanNulls": false,
                "stacking": {
                  "group": "A",
                  "mode": "none"
                },
                "thresholdsStyle": {
                  "mode": "off"
                }
              },
              "links": [],
              "mappings": [],
              "min": 0,
              "thresholds": {
                "mode": "absolute",
                "steps": [
                  {
                    "color": "green",
                    "value": null
                  },
                  {
                    "color": "red",
                    "value": 80
                  }
                ]
              },
              "unit": "ms"
            },
            "overrides": [
              {
                "matcher": {
                  "id": "byName",
                  "options": "io time"
                },
                "properties": [
                  {
                    "id": "color",
                    "value": {
                      "fixedColor": "#890F02",
                      "mode": "fixed"
                    }
                  }
                ]
              }
            ]
          },
          "gridPos": {
            "h": 8,
            "w": 12,
            "x": 0,
            "y": 18
          },
          "id": 127,
          "links": [],
          "options": {
            "legend": {
              "calcs": [
                "mean",
                "lastNotNull",
                "max",
                "min"
              ],
              "displayMode": "table",
              "placement": "bottom"
            },
            "tooltip": {
              "mode": "single"
            }
          },
          "pluginVersion": "8.1.1",
          "targets": [
            {
              "expr": "instance:node_disk_io_time_seconds_total:irate1m{instance=~\"$host.+\"}",
              "format": "time_series",
              "hide": false,
              "interval": "",
              "intervalFactor": 2,
              "legendFormat": "{{device}} - Milliseconds spent doing I/Os",
              "refId": "C",
              "step": 240
            }
          ],
          "timeFrom": null,
          "timeShift": null,
          "title": "I/O Usage Times",
          "type": "timeseries"
        },
        {
          "datasource": "Victoria_metrics",
          "description": "",
          "fieldConfig": {
            "defaults": {
              "color": {
                "mode": "palette-classic"
              },
              "custom": {
                "axisLabel": "Bytes",
                "axisPlacement": "auto",
                "barAlignment": 0,
                "drawStyle": "line",
                "fillOpacity": 40,
                "gradientMode": "none",
                "hideFrom": {
                  "legend": false,
                  "tooltip": false,
                  "viz": false
                },
                "lineInterpolation": "smooth",
                "lineWidth": 1,
                "pointSize": 5,
                "scaleDistribution": {
                  "type": "linear"
                },
                "showPoints": "never",
                "spanNulls": true,
                "stacking": {
                  "group": "A",
                  "mode": "none"
                },
                "thresholdsStyle": {
                  "mode": "off"
                }
              },
              "links": [],
              "mappings": [],
              "min": 0,
              "thresholds": {
                "mode": "absolute",
                "steps": [
                  {
                    "color": "green",
                    "value": null
                  },
                  {
                    "color": "red",
                    "value": 80
                  }
                ]
              },
              "unit": "bytes"
            },
            "overrides": []
          },
          "gridPos": {
            "h": 8,
            "w": 12,
            "x": 12,
            "y": 18
          },
          "id": 156,
          "links": [],
          "options": {
            "legend": {
              "calcs": [
                "mean",
                "lastNotNull",
                "max",
                "min"
              ],
              "displayMode": "table",
              "placement": "bottom"
            },
            "tooltip": {
              "mode": "single"
            }
          },
          "pluginVersion": "8.1.1",
          "targets": [
            {
              "expr": "instance:node_filesystem_used_bytes:sum{instance=~\"$host.+\"}",
              "format": "time_series",
              "interval": "",
              "intervalFactor": 2,
              "legendFormat": "{{mountpoint}}",
              "refId": "A",
              "step": 240
            }
          ],
          "timeFrom": null,
          "timeShift": null,
          "title": "Disk Space Used",
          "type": "timeseries"
        },
        {
          "datasource": "Victoria_metrics",
          "fieldConfig": {
            "defaults": {
              "color": {
                "mode": "palette-classic"
              },
              "custom": {
                "axisLabel": "",
                "axisPlacement": "auto",
                "barAlignment": 0,
                "drawStyle": "line",
                "fillOpacity": 10,
                "gradientMode": "none",
                "hideFrom": {
                  "legend": false,
                  "tooltip": false,
                  "viz": false
                },
                "lineInterpolation": "smooth",
                "lineWidth": 1,
                "pointSize": 5,
                "scaleDistribution": {
                  "type": "linear"
                },
                "showPoints": "never",
                "spanNulls": false,
                "stacking": {
                  "group": "A",
                  "mode": "none"
                },
                "thresholdsStyle": {
                  "mode": "off"
                }
              },
              "mappings": [],
              "thresholds": {
                "mode": "absolute",
                "steps": [
                  {
                    "color": "green",
                    "value": null
                  },
                  {
                    "color": "red",
                    "value": 80
                  }
                ]
              },
              "unit": "short"
            },
            "overrides": []
          },
          "gridPos": {
            "h": 8,
            "w": 24,
            "x": 0,
            "y": 26
          },
          "id": 331,
          "options": {
            "legend": {
              "calcs": [],
              "displayMode": "list",
              "placement": "bottom"
            },
            "tooltip": {
              "mode": "single"
            }
          },
          "pluginVersion": "8.1.1",
          "targets": [
            {
              "expr": "instance:node_disk_read_latensy:rate1m{ instance=~\"$host.+\"} or instance:node_disk_read_latensy:irate1m{ instance=~\"$host.+\"}",
              "interval": "",
              "legendFormat": "Read: {{ device }}",
              "refId": "A"
            },
            {
              "expr": "instance:node_disk_writes_latensy:rate1m{instance=~\"$host.+\"}or instance:node_disk_writes_latensy:irate1m{instance=~\"$host.+\"}",
              "interval": "",
              "legendFormat": "Write {{ device }}",
              "refId": "B"
            }
          ],
          "timeFrom": null,
          "timeShift": null,
          "title": "Disk Latency",
          "type": "timeseries"
        }
      ],
      "title": "Disk",
      "type": "row"
    },
    {
      "collapsed": true,
      "datasource": "Victoria_metrics",
      "gridPos": {
        "h": 1,
        "w": 24,
        "x": 0,
        "y": 11
      },
      "id": 341,
      "panels": [
        {
          "datasource": "Victoria_metrics",
          "fieldConfig": {
            "defaults": {
              "color": {
                "mode": "palette-classic"
              },
              "custom": {
                "axisLabel": "",
                "axisPlacement": "auto",
                "barAlignment": 0,
                "drawStyle": "line",
                "fillOpacity": 10,
                "gradientMode": "none",
                "hideFrom": {
                  "legend": false,
                  "tooltip": false,
                  "viz": false
                },
                "lineInterpolation": "smooth",
                "lineWidth": 1,
                "pointSize": 5,
                "scaleDistribution": {
                  "type": "linear"
                },
                "showPoints": "never",
                "spanNulls": false,
                "stacking": {
                  "group": "A",
                  "mode": "none"
                },
                "thresholdsStyle": {
                  "mode": "off"
                }
              },
              "links": [],
              "mappings": [],
              "thresholds": {
                "mode": "absolute",
                "steps": [
                  {
                    "color": "green",
                    "value": null
                  },
                  {
                    "color": "red",
                    "value": 80
                  }
                ]
              },
              "unit": "short"
            },
            "overrides": [
              {
                "matcher": {
                  "id": "byName",
                  "options": "Procs blocked"
                },
                "properties": [
                  {
                    "id": "color",
                    "value": {
                      "fixedColor": "#890f02",
                      "mode": "fixed"
                    }
                  }
                ]
              },
              {
                "matcher": {
                  "id": "byName",
                  "options": "Procs running"
                },
                "properties": [
                  {
                    "id": "color",
                    "value": {
                      "fixedColor": "#629e51",
                      "mode": "fixed"
                    }
                  }
                ]
              }
            ]
          },
          "gridPos": {
            "h": 7,
            "w": 24,
            "x": 0,
            "y": 12
          },
          "id": 293,
          "interval": "$aggregation",
          "links": [],
          "options": {
            "legend": {
              "calcs": [],
              "displayMode": "list",
              "placement": "bottom"
            },
            "tooltip": {
              "mode": "single"
            }
          },
          "pluginVersion": "8.1.1",
          "targets": [
            {
              "expr": "instance:node_procs_blocked:rate1md{instance=~\"$host.+\"}",
              "format": "time_series",
              "hide": false,
              "interval": "",
              "intervalFactor": 1,
              "legendFormat": "Procs blocked",
              "refId": "A"
            },
            {
              "expr": "instance:node_procs_running:rate1m{instance=~\"$host.+\"}",
              "format": "time_series",
              "interval": "",
              "intervalFactor": 1,
              "legendFormat": "Procs running",
              "refId": "B"
            }
          ],
          "timeFrom": null,
          "timeShift": null,
          "title": "Process info",
          "type": "timeseries"
        },
        {
          "datasource": "Victoria_metrics",
          "fieldConfig": {
            "defaults": {
              "color": {
                "mode": "palette-classic"
              },
              "custom": {
                "axisLabel": "",
                "axisPlacement": "auto",
                "barAlignment": 0,
                "drawStyle": "line",
                "fillOpacity": 10,
                "gradientMode": "none",
                "hideFrom": {
                  "legend": false,
                  "tooltip": false,
                  "viz": false
                },
                "lineInterpolation": "smooth",
                "lineWidth": 1,
                "pointSize": 5,
                "scaleDistribution": {
                  "type": "linear"
                },
                "showPoints": "never",
                "spanNulls": false,
                "stacking": {
                  "group": "A",
                  "mode": "none"
                },
                "thresholdsStyle": {
                  "mode": "off"
                }
              },
              "links": [],
              "mappings": [],
              "thresholds": {
                "mode": "absolute",
                "steps": [
                  {
                    "color": "green",
                    "value": null
                  },
                  {
                    "color": "red",
                    "value": 80
                  }
                ]
              },
              "unit": "short"
            },
            "overrides": [
              {
                "matcher": {
                  "id": "byName",
                  "options": "filefd_allocated"
                },
                "properties": [
                  {
                    "id": "color",
                    "value": {
                      "fixedColor": "dark-green",
                      "mode": "fixed"
                    }
                  }
                ]
              }
            ]
          },
          "gridPos": {
            "h": 8,
            "w": 24,
            "x": 0,
            "y": 19
          },
          "id": 304,
          "options": {
            "legend": {
              "calcs": [],
              "displayMode": "list",
              "placement": "bottom"
            },
            "tooltip": {
              "mode": "single"
            }
          },
          "pluginVersion": "8.1.1",
          "targets": [
            {
              "expr": "node_filefd_allocated{instance=~\"$host.+\"}",
              "interval": "",
              "legendFormat": "filefd_allocated",
              "refId": "C"
            }
          ],
          "timeFrom": null,
          "timeShift": null,
          "title": "filefd_allocated",
          "type": "timeseries"
        }
      ],
      "title": "Process and FD",
      "type": "row"
    }
  ],
  "refresh": "10s",
  "schemaVersion": 30,
  "style": "dark",
  "tags": [
    "linux",
    "Node_Exporter "
  ],
  "templating": {
    "list": [
      {
        "allValue": null,
        "current": {
          "selected": false,
          "text": "IAM",
          "value": "IAM"
        },
        "datasource": "Victoria_metrics",
        "definition": "label_values(node_boot_time_seconds,group)",
        "description": null,
        "error": null,
        "hide": 0,
        "includeAll": false,
        "label": "Group",
        "multi": false,
        "name": "group",
        "options": [],
        "query": {
          "query": "label_values(node_boot_time_seconds,group)",
          "refId": "StandardVariableQuery"
        },
        "refresh": 1,
        "regex": "",
        "skipUrlSync": false,
        "sort": 0,
        "tagValuesQuery": "",
        "tagsQuery": "",
        "type": "query",
        "useTags": false
      },
      {
        "allValue": null,
        "current": {
          "selected": false,
          "text": "LB",
          "value": "LB"
        },
        "datasource": "Victoria_metrics",
        "definition": "label_values(node_boot_time_seconds{group=\"$group\"}, service)",
        "description": null,
        "error": null,
        "hide": 0,
        "includeAll": false,
        "label": "Service",
        "multi": false,
        "name": "service",
        "options": [],
        "query": {
          "query": "label_values(node_boot_time_seconds{group=\"$group\"}, service)",
          "refId": "StandardVariableQuery"
        },
        "refresh": 1,
        "regex": "",
        "skipUrlSync": false,
        "sort": 0,
        "tagValuesQuery": "",
        "tagsQuery": "",
        "type": "query",
        "useTags": false
      },
      {
        "allValue": null,
        "current": {
          "selected": false,
          "text": "172.27.194.99",
          "value": "172.27.194.99"
        },
        "datasource": "Victoria_metrics",
        "definition": "label_values(node_boot_time_seconds{service=\"$service\"}, instance)",
        "description": null,
        "error": null,
        "hide": 0,
        "includeAll": false,
        "label": "Host",
        "multi": false,
        "name": "host",
        "options": [],
        "query": {
          "query": "label_values(node_boot_time_seconds{service=\"$service\"}, instance)",
          "refId": "StandardVariableQuery"
        },
        "refresh": 1,
        "regex": "/(.*):/",
        "skipUrlSync": false,
        "sort": 1,
        "tagValuesQuery": "",
        "tagsQuery": "",
        "type": "query",
        "useTags": false
      },
      {
        "auto": true,
        "auto_count": 30,
        "auto_min": "5s",
        "current": {
          "selected": false,
          "text": "10s",
          "value": "10s"
        },
        "description": null,
        "error": null,
        "hide": 0,
        "label": "Aggregation",
        "name": "aggregation",
        "options": [
          {
            "selected": false,
            "text": "auto",
            "value": "$__auto_interval_aggregation"
          },
          {
            "selected": false,
            "text": "5s",
            "value": "5s"
          },
          {
            "selected": true,
            "text": "10s",
            "value": "10s"
          },
          {
            "selected": false,
            "text": "30s",
            "value": "30s"
          },
          {
            "selected": false,
            "text": "1m",
            "value": "1m"
          },
          {
            "selected": false,
            "text": "5m",
            "value": "5m"
          },
          {
            "selected": false,
            "text": "30m",
            "value": "30m"
          },
          {
            "selected": false,
            "text": "1h",
            "value": "1h"
          }
        ],
        "query": "5s,10s,30s,1m,5m,30m,1h",
        "queryValue": "",
        "refresh": 2,
        "skipUrlSync": false,
        "type": "interval"
      },
      {
        "description": null,
        "error": null,
        "hide": 2,
        "label": "",
        "name": "port",
        "query": "9100",
        "skipUrlSync": false,
        "type": "constant"
      }
    ]
  },
  "time": {
    "from": "now-1h",
    "to": "now"
  },
  "timepicker": {
    "refresh_intervals": [
      "10s",
      "30s",
      "1m",
      "5m",
      "15m",
      "30m",
      "1h",
      "2h",
      "1d"
    ],
    "time_options": [
      "5m",
      "15m",
      "1h",
      "6h",
      "12h",
      "24h",
      "2d",
      "7d",
      "30d"
    ]
  },
  "timezone": "browser",
  "title": "Linux Host Overview",
  "uid": "EhADlk77z",
  "version": 14
}