{
  "annotations": {
    "list": [
      {
        "builtIn": 1,
        "datasource": "Victoria_metrics",
        "enable": true,
        "hide": true,
        "iconColor": "rgba(0, 211, 255, 1)",
        "name": "Annotations & Alerts",
        "target": {
          "limit": 100,
          "matchAny": false,
          "tags": [],
          "type": "dashboard"
        },
        "type": "dashboard"
      }
    ]
  },
  "editable": true,
  "gnetId": null,
  "graphTooltip": 0,
  "id": 41,
  "iteration": 1631532521922,
  "links": [],
  "panels": [
    {
      "collapsed": true,
      "datasource": "Victoria_metrics",
      "gridPos": {
        "h": 1,
        "w": 24,
        "x": 0,
        "y": 0
      },
      "id": 435,
      "panels": [
        {
          "cacheTimeout": null,
          "columns": [
            {
              "$$hashKey": "object:66",
              "text": "Current",
              "value": "current"
            }
          ],
          "datasource": "$datasource",
          "fontSize": "100%",
          "gridPos": {
            "h": 5,
            "w": 6,
            "x": 0,
            "y": 1
          },
          "id": 433,
          "links": [],
          "pageSize": null,
          "repeat": "pods_mg",
          "repeatDirection": "h",
          "showHeader": true,
          "sort": {
            "col": 0,
            "desc": true
          },
          "styles": [
            {
              "alias": "Container",
              "align": "auto",
              "colorMode": null,
              "colors": [
                "rgba(245, 54, 54, 0.9)",
                "rgba(237, 129, 40, 0.89)",
                "rgba(50, 172, 45, 0.97)"
              ],
              "dateFormat": "YYYY-MM-DD HH:mm:ss",
              "decimals": 2,
              "mappingType": 1,
              "pattern": "Metric",
              "thresholds": [],
              "type": "number",
              "unit": "short"
            },
            {
              "alias": "CPU",
              "align": "auto",
              "colorMode": null,
              "colors": [
                "rgba(245, 54, 54, 0.9)",
                "rgba(237, 129, 40, 0.89)",
                "rgba(50, 172, 45, 0.97)"
              ],
              "dateFormat": "YYYY-MM-DD HH:mm:ss",
              "decimals": 2,
              "mappingType": 1,
              "pattern": "Current",
              "thresholds": [],
              "type": "number",
              "unit": "short"
            }
          ],
          "targets": [
            {
              "expr": "container_spec_cpu_quota{namespace=\"$project_mg\", container!=\"\", pod=\"$pods_mg\"} / 100000",
              "format": "time_series",
              "instant": false,
              "interval": "",
              "intervalFactor": 1,
              "legendFormat": "{{container}}",
              "refId": "A"
            }
          ],
          "timeFrom": null,
          "timeShift": null,
          "title": "POD $pods_mg",
          "transform": "timeseries_aggregations",
          "type": "table-old"
        }
      ],
      "title": "POD | CPU Limits",
      "type": "row"
    },
    {
      "collapsed": true,
      "datasource": "Victoria_metrics",
      "gridPos": {
        "h": 1,
        "w": 24,
        "x": 0,
        "y": 1
      },
      "id": 442,
      "panels": [
        {
          "columns": [
            {
              "text": "Current",
              "value": "current"
            }
          ],
          "datasource": "$datasource",
          "fontSize": "100%",
          "gridPos": {
            "h": 8,
            "w": 6,
            "x": 0,
            "y": 2
          },
          "id": 444,
          "links": [],
          "pageSize": null,
          "repeat": "pods_mg",
          "repeatDirection": "h",
          "showHeader": true,
          "sort": {
            "col": 0,
            "desc": true
          },
          "styles": [
            {
              "alias": "Container",
              "align": "auto",
              "colorMode": null,
              "colors": [
                "rgba(245, 54, 54, 0.9)",
                "rgba(237, 129, 40, 0.89)",
                "rgba(50, 172, 45, 0.97)"
              ],
              "dateFormat": "YYYY-MM-DD HH:mm:ss",
              "decimals": 2,
              "mappingType": 1,
              "pattern": "Metric",
              "thresholds": [],
              "type": "number",
              "unit": "short"
            },
            {
              "alias": "Memory",
              "align": "auto",
              "colorMode": null,
              "colors": [
                "rgba(245, 54, 54, 0.9)",
                "rgba(237, 129, 40, 0.89)",
                "rgba(50, 172, 45, 0.97)"
              ],
              "dateFormat": "YYYY-MM-DD HH:mm:ss",
              "decimals": 2,
              "mappingType": 1,
              "pattern": "Current",
              "thresholds": [],
              "type": "number",
              "unit": "decmbytes"
            }
          ],
          "targets": [
            {
              "expr": "container_spec_memory_limit_bytes{namespace=\"$project_mg\", pod=\"$pods_mg\", container!=\"\", container!=\"POD\"} / 1024 /1024",
              "format": "time_series",
              "intervalFactor": 1,
              "legendFormat": "{{container}}",
              "refId": "A"
            }
          ],
          "timeFrom": null,
          "timeShift": null,
          "title": "POD $pods_mg",
          "transform": "timeseries_aggregations",
          "type": "table-old"
        }
      ],
      "title": "POD | Memory Limits",
      "type": "row"
    },
    {
      "collapsed": true,
      "datasource": "Victoria_metrics",
      "gridPos": {
        "h": 1,
        "w": 24,
        "x": 0,
        "y": 2
      },
      "id": 6,
      "panels": [
        {
          "datasource": "$datasource",
          "fieldConfig": {
            "defaults": {
              "color": {
                "mode": "palette-classic"
              },
              "custom": {
                "axisLabel": "",
                "axisPlacement": "auto",
                "barAlignment": 0,
                "drawStyle": "line",
                "fillOpacity": 10,
                "gradientMode": "none",
                "hideFrom": {
                  "legend": false,
                  "tooltip": false,
                  "viz": false
                },
                "lineInterpolation": "linear",
                "lineWidth": 1,
                "pointSize": 5,
                "scaleDistribution": {
                  "type": "linear"
                },
                "showPoints": "never",
                "spanNulls": false,
                "stacking": {
                  "group": "A",
                  "mode": "none"
                },
                "thresholdsStyle": {
                  "mode": "line+area"
                }
              },
              "links": [],
              "mappings": [],
              "max": 100,
              "min": 0,
              "thresholds": {
                "mode": "absolute",
                "steps": [
                  {
                    "color": "transparent",
                    "value": null
                  },
                  {
                    "color": "red",
                    "value": 80
                  }
                ]
              },
              "unit": "percent"
            },
            "overrides": [
              {
                "matcher": {
                  "id": "byName",
                  "options": "POD CPU"
                },
                "properties": [
                  {
                    "id": "custom.fillOpacity",
                    "value": 0
                  }
                ]
              }
            ]
          },
          "gridPos": {
            "h": 7,
            "w": 12,
            "x": 0,
            "y": 3
          },
          "id": 4,
          "interval": "",
          "links": [],
          "maxPerRow": 2,
          "options": {
            "legend": {
              "calcs": [],
              "displayMode": "list",
              "placement": "bottom"
            },
            "tooltip": {
              "mode": "single"
            }
          },
          "pluginVersion": "8.1.1",
          "repeat": "pods_mg",
          "repeatDirection": "h",
          "targets": [
            {
              "exemplar": true,
              "expr": "container:container_cpu_usage_by_quota:avg{pod=~'$pods_mg', container!=\"\"}",
              "format": "time_series",
              "hide": false,
              "interval": "",
              "intervalFactor": 1,
              "legendFormat": "container: {{container}}",
              "refId": "A"
            },
            {
              "expr": "pod:container_cpu_usage:sum{namespace='$project_mg', pod='$pods_mg'}*100/ on (namespace,pod) (container_spec_cpu_quota{namespace='$project_mg', pod='$pods_mg',container=''} / 100000)",
              "hide": true,
              "interval": "",
              "legendFormat": "TOTAL",
              "refId": "B"
            }
          ],
          "timeFrom": null,
          "timeShift": null,
          "title": "Метрики CPU поды $pods_mg",
          "type": "timeseries"
        }
      ],
      "repeat": null,
      "title": "POD  | CPU",
      "type": "row"
    },
    {
      "collapsed": true,
      "datasource": "Victoria_metrics",
      "gridPos": {
        "h": 1,
        "w": 24,
        "x": 0,
        "y": 3
      },
      "id": 24,
      "panels": [
        {
          "aliasColors": {},
          "bars": false,
          "dashLength": 10,
          "dashes": false,
          "datasource": "$datasource",
          "fieldConfig": {
            "defaults": {
              "links": []
            },
            "overrides": []
          },
          "fill": 1,
          "fillGradient": 0,
          "gridPos": {
            "h": 8,
            "w": 12,
            "x": 0,
            "y": 4
          },
          "hiddenSeries": false,
          "id": 26,
          "interval": "",
          "legend": {
            "avg": false,
            "current": false,
            "hideEmpty": true,
            "hideZero": true,
            "max": false,
            "min": false,
            "show": true,
            "total": false,
            "values": false
          },
          "lines": true,
          "linewidth": 1,
          "links": [],
          "maxPerRow": 2,
          "nullPointMode": "connected",
          "options": {
            "alertThreshold": true
          },
          "percentage": false,
          "pluginVersion": "8.1.1",
          "pointradius": 2,
          "points": false,
          "renderer": "flot",
          "repeat": "pods_mg",
          "repeatDirection": "h",
          "seriesOverrides": [],
          "spaceLength": 10,
          "stack": false,
          "steppedLine": false,
          "targets": [
            {
              "exemplar": true,
              "expr": "container:container_memory_usage_bytes:total {namespace=\"$project_mg\", pod=~\"$pods_mg\", container!=\"POD\", container!=\"container\", container!=\"\",prometheus_replica=\"prometheus-k8s-1\"}",
              "format": "time_series",
              "hide": false,
              "interval": "",
              "intervalFactor": 1,
              "legendFormat": "container: {{container}}",
              "refId": "C"
            },
            {
              "exemplar": true,
              "expr": "container:container_memory_total_bytes:sum {namespace=\"$project_mg\", pod=~\"$pods_mg\", container!=\"POD\", container!=\"container\", container!=\"\",prometheus_replica=\"prometheus-k8s-1\"}",
              "format": "time_series",
              "hide": false,
              "interval": "",
              "intervalFactor": 1,
              "legendFormat": "TOTAL",
              "refId": "B"
            }
          ],
          "thresholds": [],
          "timeFrom": null,
          "timeRegions": [],
          "timeShift": null,
          "title": "Memory usage для поды $pods_mg",
          "tooltip": {
            "shared": true,
            "sort": 0,
            "value_type": "individual"
          },
          "type": "graph",
          "xaxis": {
            "buckets": null,
            "mode": "time",
            "name": null,
            "show": true,
            "values": []
          },
          "yaxes": [
            {
              "format": "percent",
              "label": null,
              "logBase": 1,
              "max": "100",
              "min": "0",
              "show": true
            },
            {
              "format": "decbytes",
              "label": null,
              "logBase": 1,
              "max": null,
              "min": null,
              "show": true
            }
          ],
          "yaxis": {
            "align": false,
            "alignLevel": null
          }
        }
      ],
      "title": "POD | Memory  usage",
      "type": "row"
    },
    {
      "collapsed": true,
      "datasource": "Victoria_metrics",
      "gridPos": {
        "h": 1,
        "w": 24,
        "x": 0,
        "y": 4
      },
      "id": 4260,
      "panels": [
        {
          "datasource": "$datasource",
          "fieldConfig": {
            "defaults": {
              "color": {
                "mode": "palette-classic"
              },
              "custom": {
                "axisLabel": "",
                "axisPlacement": "auto",
                "barAlignment": 0,
                "drawStyle": "line",
                "fillOpacity": 10,
                "gradientMode": "none",
                "hideFrom": {
                  "legend": false,
                  "tooltip": false,
                  "viz": false
                },
                "lineInterpolation": "smooth",
                "lineWidth": 1,
                "pointSize": 5,
                "scaleDistribution": {
                  "type": "linear"
                },
                "showPoints": "never",
                "spanNulls": false,
                "stacking": {
                  "group": "A",
                  "mode": "none"
                },
                "thresholdsStyle": {
                  "mode": "off"
                }
              },
              "links": [],
              "mappings": [],
              "min": 0,
              "thresholds": {
                "mode": "absolute",
                "steps": [
                  {
                    "color": "green",
                    "value": null
                  },
                  {
                    "color": "red",
                    "value": 80
                  }
                ]
              },
              "unit": "decbytes"
            },
            "overrides": []
          },
          "gridPos": {
            "h": 8,
            "w": 12,
            "x": 0,
            "y": 5
          },
          "id": 4258,
          "interval": "",
          "links": [],
          "options": {
            "legend": {
              "calcs": [],
              "displayMode": "list",
              "placement": "bottom"
            },
            "tooltip": {
              "mode": "single"
            }
          },
          "pluginVersion": "8.1.1",
          "repeat": "pods_mg",
          "repeatDirection": "h",
          "targets": [
            {
              "exemplar": true,
              "expr": "sum(container:container_memory_pod_total_bytes:sum{namespace=\"$project_mg\", pod=~\"$pods_mg\", container!=\"POD\", container!=\"container\", container!=\"\"})by(container)",
              "format": "time_series",
              "hide": false,
              "interval": "",
              "intervalFactor": 1,
              "legendFormat": "container: {{container}}",
              "refId": "E"
            },
            {
              "exemplar": true,
              "expr": "sum(container:container_memory_pod_total_bytes:sum{namespace=\"$project_mg\", pod=~\"$pods_mg\", container!=\"POD\", container!=\"container\", container!=\"\"})",
              "format": "time_series",
              "hide": false,
              "interval": "",
              "intervalFactor": 1,
              "legendFormat": "TOTAL",
              "refId": "A"
            }
          ],
          "timeFrom": null,
          "timeShift": null,
          "title": "Memory usage для поды $pods_mg",
          "type": "timeseries"
        }
      ],
      "title": "POD | Memory usage MB",
      "type": "row"
    },
    {
      "collapsed": true,
      "datasource": "Victoria_metrics",
      "gridPos": {
        "h": 1,
        "w": 24,
        "x": 0,
        "y": 5
      },
      "id": 8,
      "panels": [
        {
          "datasource": "$datasource",
          "fieldConfig": {
            "defaults": {
              "color": {
                "mode": "palette-classic"
              },
              "custom": {
                "axisLabel": "",
                "axisPlacement": "auto",
                "barAlignment": 0,
                "drawStyle": "line",
                "fillOpacity": 10,
                "gradientMode": "none",
                "hideFrom": {
                  "legend": false,
                  "tooltip": false,
                  "viz": false
                },
                "lineInterpolation": "smooth",
                "lineWidth": 1,
                "pointSize": 5,
                "scaleDistribution": {
                  "type": "linear"
                },
                "showPoints": "never",
                "spanNulls": true,
                "stacking": {
                  "group": "A",
                  "mode": "none"
                },
                "thresholdsStyle": {
                  "mode": "off"
                }
              },
              "links": [],
              "mappings": [],
              "thresholds": {
                "mode": "absolute",
                "steps": [
                  {
                    "color": "green",
                    "value": null
                  },
                  {
                    "color": "red",
                    "value": 80
                  }
                ]
              },
              "unit": "short"
            },
            "overrides": []
          },
          "gridPos": {
            "h": 8,
            "w": 12,
            "x": 0,
            "y": 6
          },
          "id": 10,
          "links": [],
          "options": {
            "legend": {
              "calcs": [],
              "displayMode": "list",
              "placement": "bottom"
            },
            "tooltip": {
              "mode": "single"
            }
          },
          "pluginVersion": "8.1.1",
          "repeat": "pods_mg",
          "repeatDirection": "h",
          "targets": [
            {
              "expr": "container:node_namespace_pod_container_memory_swap:rate5m{namespace=\"$project_mg\",pod=\"$pods_mg\", container!=\"\", container!=\"POD\"}",
              "format": "time_series",
              "interval": "",
              "intervalFactor": 1,
              "legendFormat": "container: {{container}}",
              "refId": "A"
            }
          ],
          "timeFrom": null,
          "timeShift": null,
          "title": "Метрики SWAP поды $pods_mg",
          "type": "timeseries"
        }
      ],
      "title": "POD | SWAP",
      "type": "row"
    },
    {
      "collapsed": true,
      "datasource": "Victoria_metrics",
      "gridPos": {
        "h": 1,
        "w": 24,
        "x": 0,
        "y": 6
      },
      "id": 30,
      "panels": [
        {
          "datasource": "$datasource",
          "fieldConfig": {
            "defaults": {
              "color": {
                "mode": "palette-classic"
              },
              "custom": {
                "axisLabel": "",
                "axisPlacement": "auto",
                "barAlignment": 0,
                "drawStyle": "line",
                "fillOpacity": 10,
                "gradientMode": "none",
                "hideFrom": {
                  "legend": false,
                  "tooltip": false,
                  "viz": false
                },
                "lineInterpolation": "smooth",
                "lineWidth": 1,
                "pointSize": 5,
                "scaleDistribution": {
                  "type": "linear"
                },
                "showPoints": "never",
                "spanNulls": true,
                "stacking": {
                  "group": "A",
                  "mode": "none"
                },
                "thresholdsStyle": {
                  "mode": "off"
                }
              },
              "links": [],
              "mappings": [],
              "thresholds": {
                "mode": "absolute",
                "steps": [
                  {
                    "color": "green",
                    "value": null
                  },
                  {
                    "color": "red",
                    "value": 80
                  }
                ]
              },
              "unit": "Bps"
            },
            "overrides": []
          },
          "gridPos": {
            "h": 8,
            "w": 12,
            "x": 0,
            "y": 7
          },
          "id": 28,
          "links": [],
          "options": {
            "legend": {
              "calcs": [],
              "displayMode": "list",
              "placement": "bottom"
            },
            "tooltip": {
              "mode": "single"
            }
          },
          "pluginVersion": "8.1.1",
          "repeat": "pods_mg",
          "repeatDirection": "h",
          "targets": [
            {
              "expr": "container:container_network_receive_bytes_total:rate5m{namespace=\"$project_mg\", pod=\"$pods_mg\"}",
              "format": "time_series",
              "interval": "",
              "intervalFactor": 1,
              "legendFormat": "receive",
              "refId": "A"
            },
            {
              "expr": "container:container_network_transmit_bytes_total:rate5m{namespace=\"$project_mg\", pod=\"$pods_mg\"}",
              "format": "time_series",
              "interval": "",
              "intervalFactor": 1,
              "legendFormat": "transmit",
              "refId": "B"
            }
          ],
          "timeFrom": null,
          "timeShift": null,
          "title": "Утилизация сети для поды $pods_mg",
          "type": "timeseries"
        }
      ],
      "title": "POD | Network",
      "type": "row"
    },
    {
      "collapsed": true,
      "datasource": "Victoria_metrics",
      "gridPos": {
        "h": 1,
        "w": 24,
        "x": 0,
        "y": 7
      },
      "id": 453,
      "panels": [
        {
          "datasource": "$datasource",
          "description": "",
          "fieldConfig": {
            "defaults": {
              "color": {
                "mode": "palette-classic"
              },
              "custom": {
                "axisLabel": "",
                "axisPlacement": "auto",
                "barAlignment": 0,
                "drawStyle": "line",
                "fillOpacity": 10,
                "gradientMode": "none",
                "hideFrom": {
                  "legend": false,
                  "tooltip": false,
                  "viz": false
                },
                "lineInterpolation": "smooth",
                "lineWidth": 1,
                "pointSize": 5,
                "scaleDistribution": {
                  "type": "linear"
                },
                "showPoints": "never",
                "spanNulls": false,
                "stacking": {
                  "group": "A",
                  "mode": "none"
                },
                "thresholdsStyle": {
                  "mode": "off"
                }
              },
              "links": [],
              "mappings": [],
              "min": 0,
              "thresholds": {
                "mode": "absolute",
                "steps": [
                  {
                    "color": "green",
                    "value": null
                  },
                  {
                    "color": "red",
                    "value": 80
                  }
                ]
              },
              "unit": "decbytes"
            },
            "overrides": [
              {
                "matcher": {
                  "id": "byName",
                  "options": "HEAP Usage: CMS Old Gen"
                },
                "properties": [
                  {
                    "id": "color",
                    "value": {
                      "fixedColor": "dark-orange",
                      "mode": "fixed"
                    }
                  }
                ]
              },
              {
                "matcher": {
                  "id": "byName",
                  "options": "HEAP Usage: Par Eden Space"
                },
                "properties": [
                  {
                    "id": "color",
                    "value": {
                      "fixedColor": "semi-dark-orange",
                      "mode": "fixed"
                    }
                  }
                ]
              },
              {
                "matcher": {
                  "id": "byName",
                  "options": "HEAP Usage: Par Survivor Space"
                },
                "properties": [
                  {
                    "id": "color",
                    "value": {
                      "fixedColor": "light-orange",
                      "mode": "fixed"
                    }
                  }
                ]
              },
              {
                "matcher": {
                  "id": "byName",
                  "options": "HEAP Usage: Shenandoah"
                },
                "properties": [
                  {
                    "id": "color",
                    "value": {
                      "fixedColor": "dark-orange",
                      "mode": "fixed"
                    }
                  }
                ]
              },
              {
                "matcher": {
                  "id": "byName",
                  "options": "HEAP max"
                },
                "properties": [
                  {
                    "id": "color",
                    "value": {
                      "fixedColor": "dark-green",
                      "mode": "fixed"
                    }
                  }
                ]
              },
              {
                "matcher": {
                  "id": "byName",
                  "options": "HEAP max CMS Old Gen"
                },
                "properties": [
                  {
                    "id": "color",
                    "value": {
                      "fixedColor": "dark-green",
                      "mode": "fixed"
                    }
                  }
                ]
              },
              {
                "matcher": {
                  "id": "byName",
                  "options": "HEAP max Par Eden Space"
                },
                "properties": [
                  {
                    "id": "color",
                    "value": {
                      "fixedColor": "semi-dark-green",
                      "mode": "fixed"
                    }
                  }
                ]
              },
              {
                "matcher": {
                  "id": "byName",
                  "options": "HEAP max Par Survivor Space"
                },
                "properties": [
                  {
                    "id": "color",
                    "value": {
                      "fixedColor": "light-green",
                      "mode": "fixed"
                    }
                  }
                ]
              },
              {
                "matcher": {
                  "id": "byName",
                  "options": "HEAP max: CMS Old Gen"
                },
                "properties": [
                  {
                    "id": "color",
                    "value": {
                      "fixedColor": "dark-green",
                      "mode": "fixed"
                    }
                  }
                ]
              },
              {
                "matcher": {
                  "id": "byName",
                  "options": "HEAP max: Par Eden Space"
                },
                "properties": [
                  {
                    "id": "color",
                    "value": {
                      "fixedColor": "semi-dark-green",
                      "mode": "fixed"
                    }
                  }
                ]
              },
              {
                "matcher": {
                  "id": "byName",
                  "options": "HEAP max: Par Survivor Space"
                },
                "properties": [
                  {
                    "id": "color",
                    "value": {
                      "fixedColor": "light-green",
                      "mode": "fixed"
                    }
                  }
                ]
              },
              {
                "matcher": {
                  "id": "byName",
                  "options": "HEAP max: Shenandoah"
                },
                "properties": [
                  {
                    "id": "color",
                    "value": {
                      "fixedColor": "dark-green",
                      "mode": "fixed"
                    }
                  }
                ]
              },
              {
                "matcher": {
                  "id": "byName",
                  "options": "Max: G1 Eden Space"
                },
                "properties": [
                  {
                    "id": "color",
                    "value": {
                      "fixedColor": "super-light-blue",
                      "mode": "fixed"
                    }
                  }
                ]
              },
              {
                "matcher": {
                  "id": "byName",
                  "options": "Max: G1 Old Gen"
                },
                "properties": [
                  {
                    "id": "color",
                    "value": {
                      "fixedColor": "dark-green",
                      "mode": "fixed"
                    }
                  }
                ]
              },
              {
                "matcher": {
                  "id": "byName",
                  "options": "Max: G1 Survivor Space"
                },
                "properties": [
                  {
                    "id": "color",
                    "value": {
                      "fixedColor": "super-light-purple",
                      "mode": "fixed"
                    }
                  }
                ]
              },
              {
                "matcher": {
                  "id": "byName",
                  "options": "Max: Shenandoah"
                },
                "properties": [
                  {
                    "id": "color",
                    "value": {
                      "fixedColor": "dark-green",
                      "mode": "fixed"
                    }
                  }
                ]
              },
              {
                "matcher": {
                  "id": "byName",
                  "options": "Usage"
                },
                "properties": [
                  {
                    "id": "color",
                    "value": {
                      "fixedColor": "dark-orange",
                      "mode": "fixed"
                    }
                  }
                ]
              },
              {
                "matcher": {
                  "id": "byName",
                  "options": "Usage CMS Old Gen"
                },
                "properties": [
                  {
                    "id": "color",
                    "value": {
                      "fixedColor": "dark-yellow",
                      "mode": "fixed"
                    }
                  }
                ]
              },
              {
                "matcher": {
                  "id": "byName",
                  "options": "Usage Par Eden Space"
                },
                "properties": [
                  {
                    "id": "color",
                    "value": {
                      "fixedColor": "dark-orange",
                      "mode": "fixed"
                    }
                  }
                ]
              },
              {
                "matcher": {
                  "id": "byName",
                  "options": "Usage Par Survivor Space"
                },
                "properties": [
                  {
                    "id": "color",
                    "value": {
                      "fixedColor": "super-light-yellow",
                      "mode": "fixed"
                    }
                  }
                ]
              },
              {
                "matcher": {
                  "id": "byName",
                  "options": "Usage: G1 Eden Space"
                },
                "properties": [
                  {
                    "id": "color",
                    "value": {
                      "fixedColor": "dark-orange",
                      "mode": "fixed"
                    }
                  }
                ]
              },
              {
                "matcher": {
                  "id": "byName",
                  "options": "Usage: G1 Old Gen"
                },
                "properties": [
                  {
                    "id": "color",
                    "value": {
                      "fixedColor": "dark-yellow",
                      "mode": "fixed"
                    }
                  }
                ]
              },
              {
                "matcher": {
                  "id": "byName",
                  "options": "Usage: G1 Survivor Space"
                },
                "properties": [
                  {
                    "id": "color",
                    "value": {
                      "fixedColor": "dark-red",
                      "mode": "fixed"
                    }
                  }
                ]
              },
              {
                "matcher": {
                  "id": "byName",
                  "options": "Usage: Shenandoah"
                },
                "properties": [
                  {
                    "id": "color",
                    "value": {
                      "fixedColor": "dark-orange",
                      "mode": "fixed"
                    }
                  }
                ]
              },
              {
                "matcher": {
                  "id": "byName",
                  "options": "POD CPU"
                },
                "properties": [
                  {
                    "id": "custom.fillOpacity",
                    "value": 0
                  }
                ]
              }
            ]
          },
          "gridPos": {
            "h": 7,
            "w": 12,
            "x": 0,
            "y": 8
          },
          "id": 447,
          "interval": "",
          "links": [],
          "options": {
            "legend": {
              "calcs": [],
              "displayMode": "list",
              "placement": "bottom"
            },
            "tooltip": {
              "mode": "single"
            }
          },
          "pluginVersion": "8.1.1",
          "repeat": "pods_mg",
          "repeatDirection": "h",
          "targets": [
            {
              "expr": "jvm_memory_used_bytes{area=\"heap\", pod=~'$pods_mg'}",
              "format": "time_series",
              "hide": false,
              "interval": "",
              "intervalFactor": 1,
              "legendFormat": "Usage: {{id}}",
              "refId": "A"
            },
            {
              "expr": "jvm_memory_max_bytes{area=\"heap\",pod=~'$pods_mg'}",
              "format": "time_series",
              "hide": false,
              "interval": "",
              "intervalFactor": 1,
              "legendFormat": "Max: {{id}}",
              "refId": "B"
            }
          ],
          "timeFrom": null,
          "timeShift": null,
          "title": "Метрики JVM Memory  HEAP поды $pods_mg",
          "type": "timeseries"
        }
      ],
      "title": "POD | HEAP",
      "type": "row"
    },
    {
      "collapsed": true,
      "datasource": "Victoria_metrics",
      "gridPos": {
        "h": 1,
        "w": 24,
        "x": 0,
        "y": 8
      },
      "id": 1413,
      "panels": [
        {
          "datasource": "$datasource",
          "description": "",
          "fieldConfig": {
            "defaults": {
              "color": {
                "mode": "palette-classic"
              },
              "custom": {
                "axisLabel": "",
                "axisPlacement": "auto",
                "barAlignment": 0,
                "drawStyle": "line",
                "fillOpacity": 10,
                "gradientMode": "none",
                "hideFrom": {
                  "legend": false,
                  "tooltip": false,
                  "viz": false
                },
                "lineInterpolation": "smooth",
                "lineWidth": 1,
                "pointSize": 5,
                "scaleDistribution": {
                  "type": "linear"
                },
                "showPoints": "never",
                "spanNulls": false,
                "stacking": {
                  "group": "A",
                  "mode": "none"
                },
                "thresholdsStyle": {
                  "mode": "off"
                }
              },
              "links": [],
              "mappings": [],
              "min": 0,
              "thresholds": {
                "mode": "absolute",
                "steps": [
                  {
                    "color": "green",
                    "value": null
                  },
                  {
                    "color": "red",
                    "value": 80
                  }
                ]
              },
              "unit": "decbytes"
            },
            "overrides": [
              {
                "matcher": {
                  "id": "byName",
                  "options": "HEAP Usage: CMS Old Gen"
                },
                "properties": [
                  {
                    "id": "color",
                    "value": {
                      "fixedColor": "dark-orange",
                      "mode": "fixed"
                    }
                  }
                ]
              },
              {
                "matcher": {
                  "id": "byName",
                  "options": "HEAP Usage: Par Eden Space"
                },
                "properties": [
                  {
                    "id": "color",
                    "value": {
                      "fixedColor": "semi-dark-orange",
                      "mode": "fixed"
                    }
                  }
                ]
              },
              {
                "matcher": {
                  "id": "byName",
                  "options": "HEAP Usage: Par Survivor Space"
                },
                "properties": [
                  {
                    "id": "color",
                    "value": {
                      "fixedColor": "light-orange",
                      "mode": "fixed"
                    }
                  }
                ]
              },
              {
                "matcher": {
                  "id": "byName",
                  "options": "HEAP Usage: Shenandoah"
                },
                "properties": [
                  {
                    "id": "color",
                    "value": {
                      "fixedColor": "dark-orange",
                      "mode": "fixed"
                    }
                  }
                ]
              },
              {
                "matcher": {
                  "id": "byName",
                  "options": "HEAP max"
                },
                "properties": [
                  {
                    "id": "color",
                    "value": {
                      "fixedColor": "dark-green",
                      "mode": "fixed"
                    }
                  }
                ]
              },
              {
                "matcher": {
                  "id": "byName",
                  "options": "HEAP max CMS Old Gen"
                },
                "properties": [
                  {
                    "id": "color",
                    "value": {
                      "fixedColor": "dark-green",
                      "mode": "fixed"
                    }
                  }
                ]
              },
              {
                "matcher": {
                  "id": "byName",
                  "options": "HEAP max Par Eden Space"
                },
                "properties": [
                  {
                    "id": "color",
                    "value": {
                      "fixedColor": "semi-dark-green",
                      "mode": "fixed"
                    }
                  }
                ]
              },
              {
                "matcher": {
                  "id": "byName",
                  "options": "HEAP max Par Survivor Space"
                },
                "properties": [
                  {
                    "id": "color",
                    "value": {
                      "fixedColor": "light-green",
                      "mode": "fixed"
                    }
                  }
                ]
              },
              {
                "matcher": {
                  "id": "byName",
                  "options": "HEAP max: CMS Old Gen"
                },
                "properties": [
                  {
                    "id": "color",
                    "value": {
                      "fixedColor": "dark-green",
                      "mode": "fixed"
                    }
                  }
                ]
              },
              {
                "matcher": {
                  "id": "byName",
                  "options": "HEAP max: Par Eden Space"
                },
                "properties": [
                  {
                    "id": "color",
                    "value": {
                      "fixedColor": "semi-dark-green",
                      "mode": "fixed"
                    }
                  }
                ]
              },
              {
                "matcher": {
                  "id": "byName",
                  "options": "HEAP max: Par Survivor Space"
                },
                "properties": [
                  {
                    "id": "color",
                    "value": {
                      "fixedColor": "light-green",
                      "mode": "fixed"
                    }
                  }
                ]
              },
              {
                "matcher": {
                  "id": "byName",
                  "options": "HEAP max: Shenandoah"
                },
                "properties": [
                  {
                    "id": "color",
                    "value": {
                      "fixedColor": "dark-green",
                      "mode": "fixed"
                    }
                  }
                ]
              },
              {
                "matcher": {
                  "id": "byName",
                  "options": "Max: CodeHeap 'non-nmethods'"
                },
                "properties": [
                  {
                    "id": "color",
                    "value": {
                      "fixedColor": "dark-blue",
                      "mode": "fixed"
                    }
                  }
                ]
              },
              {
                "matcher": {
                  "id": "byName",
                  "options": "Max: CodeHeap 'non-profiled nmethods'"
                },
                "properties": [
                  {
                    "id": "color",
                    "value": {
                      "fixedColor": "semi-dark-green",
                      "mode": "fixed"
                    }
                  }
                ]
              },
              {
                "matcher": {
                  "id": "byName",
                  "options": "Max: CodeHeap 'profiled nmethods'"
                },
                "properties": [
                  {
                    "id": "color",
                    "value": {
                      "fixedColor": "light-green",
                      "mode": "fixed"
                    }
                  }
                ]
              },
              {
                "matcher": {
                  "id": "byName",
                  "options": "Max: Metaspace"
                },
                "properties": [
                  {
                    "id": "color",
                    "value": {
                      "fixedColor": "super-light-green",
                      "mode": "fixed"
                    }
                  }
                ]
              },
              {
                "matcher": {
                  "id": "byName",
                  "options": "Max: Shenandoah"
                },
                "properties": [
                  {
                    "id": "color",
                    "value": {
                      "fixedColor": "dark-green",
                      "mode": "fixed"
                    }
                  }
                ]
              },
              {
                "matcher": {
                  "id": "byName",
                  "options": "Usage"
                },
                "properties": [
                  {
                    "id": "color",
                    "value": {
                      "fixedColor": "dark-orange",
                      "mode": "fixed"
                    }
                  }
                ]
              },
              {
                "matcher": {
                  "id": "byName",
                  "options": "Usage CMS Old Gen"
                },
                "properties": [
                  {
                    "id": "color",
                    "value": {
                      "fixedColor": "dark-yellow",
                      "mode": "fixed"
                    }
                  }
                ]
              },
              {
                "matcher": {
                  "id": "byName",
                  "options": "Usage Par Eden Space"
                },
                "properties": [
                  {
                    "id": "color",
                    "value": {
                      "fixedColor": "dark-orange",
                      "mode": "fixed"
                    }
                  }
                ]
              },
              {
                "matcher": {
                  "id": "byName",
                  "options": "Usage Par Survivor Space"
                },
                "properties": [
                  {
                    "id": "color",
                    "value": {
                      "fixedColor": "super-light-yellow",
                      "mode": "fixed"
                    }
                  }
                ]
              },
              {
                "matcher": {
                  "id": "byName",
                  "options": "Usage: CodeHeap 'non-nmethods'"
                },
                "properties": [
                  {
                    "id": "color",
                    "value": {
                      "fixedColor": "dark-orange",
                      "mode": "fixed"
                    }
                  }
                ]
              },
              {
                "matcher": {
                  "id": "byName",
                  "options": "Usage: CodeHeap 'non-profiled nmethods'"
                },
                "properties": [
                  {
                    "id": "color",
                    "value": {
                      "fixedColor": "dark-yellow",
                      "mode": "fixed"
                    }
                  }
                ]
              },
              {
                "matcher": {
                  "id": "byName",
                  "options": "Usage: CodeHeap 'profiled nmethods'"
                },
                "properties": [
                  {
                    "id": "color",
                    "value": {
                      "fixedColor": "semi-dark-yellow",
                      "mode": "fixed"
                    }
                  }
                ]
              },
              {
                "matcher": {
                  "id": "byName",
                  "options": "Usage: Metaspace"
                },
                "properties": [
                  {
                    "id": "color",
                    "value": {
                      "fixedColor": "light-orange",
                      "mode": "fixed"
                    }
                  }
                ]
              },
              {
                "matcher": {
                  "id": "byName",
                  "options": "Usage: Shenandoah"
                },
                "properties": [
                  {
                    "id": "color",
                    "value": {
                      "fixedColor": "dark-orange",
                      "mode": "fixed"
                    }
                  }
                ]
              },
              {
                "matcher": {
                  "id": "byName",
                  "options": "POD CPU"
                },
                "properties": [
                  {
                    "id": "custom.fillOpacity",
                    "value": 0
                  }
                ]
              }
            ]
          },
          "gridPos": {
            "h": 7,
            "w": 12,
            "x": 0,
            "y": 9
          },
          "id": 1411,
          "interval": "",
          "links": [],
          "options": {
            "legend": {
              "calcs": [],
              "displayMode": "list",
              "placement": "bottom"
            },
            "tooltip": {
              "mode": "single"
            }
          },
          "pluginVersion": "8.1.1",
          "repeat": "pods_mg",
          "repeatDirection": "h",
          "targets": [
            {
              "expr": "jvm_memory_used_bytes{area!=\"heap\", pod=~'$pods_mg'}",
              "format": "time_series",
              "hide": false,
              "interval": "",
              "intervalFactor": 1,
              "legendFormat": "Usage: {{id}}",
              "refId": "A"
            },
            {
              "expr": "jvm_memory_max_bytes{area!=\"heap\",pod=~'$pods_mg'}",
              "format": "time_series",
              "hide": false,
              "interval": "",
              "intervalFactor": 1,
              "legendFormat": "Max: {{id}}",
              "refId": "B"
            }
          ],
          "timeFrom": null,
          "timeShift": null,
          "title": "Метрики JVM Memory  Non-HEAP поды $pods_mg",
          "type": "timeseries"
        }
      ],
      "title": "POD |  Non-HEAP",
      "type": "row"
    },
    {
      "collapsed": true,
      "datasource": "Victoria_metrics",
      "gridPos": {
        "h": 1,
        "w": 24,
        "x": 0,
        "y": 9
      },
      "id": 473,
      "panels": [
        {
          "datasource": "$datasource",
          "fieldConfig": {
            "defaults": {
              "color": {
                "mode": "palette-classic"
              },
              "custom": {
                "axisLabel": "",
                "axisPlacement": "auto",
                "barAlignment": 0,
                "drawStyle": "line",
                "fillOpacity": 10,
                "gradientMode": "none",
                "hideFrom": {
                  "legend": false,
                  "tooltip": false,
                  "viz": false
                },
                "lineInterpolation": "smooth",
                "lineWidth": 1,
                "pointSize": 5,
                "scaleDistribution": {
                  "type": "linear"
                },
                "showPoints": "never",
                "spanNulls": false,
                "stacking": {
                  "group": "A",
                  "mode": "none"
                },
                "thresholdsStyle": {
                  "mode": "off"
                }
              },
              "links": [],
              "mappings": [],
              "min": 0,
              "thresholds": {
                "mode": "absolute",
                "steps": [
                  {
                    "color": "green",
                    "value": null
                  },
                  {
                    "color": "red",
                    "value": 80
                  }
                ]
              },
              "unit": "short"
            },
            "overrides": [
              {
                "matcher": {
                  "id": "byName",
                  "options": "HEAP max"
                },
                "properties": [
                  {
                    "id": "color",
                    "value": {
                      "fixedColor": "dark-green",
                      "mode": "fixed"
                    }
                  }
                ]
              },
              {
                "matcher": {
                  "id": "byName",
                  "options": "Usage"
                },
                "properties": [
                  {
                    "id": "color",
                    "value": {
                      "fixedColor": "dark-orange",
                      "mode": "fixed"
                    }
                  }
                ]
              },
              {
                "matcher": {
                  "id": "byName",
                  "options": "POD CPU"
                },
                "properties": [
                  {
                    "id": "custom.fillOpacity",
                    "value": 0
                  }
                ]
              }
            ]
          },
          "gridPos": {
            "h": 7,
            "w": 12,
            "x": 0,
            "y": 10
          },
          "id": 471,
          "interval": "",
          "links": [],
          "options": {
            "legend": {
              "calcs": [],
              "displayMode": "list",
              "placement": "bottom"
            },
            "tooltip": {
              "mode": "single"
            }
          },
          "pluginVersion": "8.1.1",
          "repeat": "pods_mg",
          "repeatDirection": "h",
          "targets": [
            {
              "expr": "jvm_threads_live_threads{pod=~'$pods_mg'}",
              "format": "time_series",
              "hide": false,
              "interval": "",
              "intervalFactor": 1,
              "legendFormat": "Live",
              "refId": "A"
            },
            {
              "expr": "jvm_threads_peak_threads{pod=~'$pods_mg'}",
              "format": "time_series",
              "hide": false,
              "interval": "",
              "intervalFactor": 1,
              "legendFormat": "Peak",
              "refId": "B"
            },
            {
              "expr": "jvm_threads_states_threads{pod=~'$pods_mg'}",
              "format": "time_series",
              "hide": false,
              "interval": "",
              "intervalFactor": 1,
              "legendFormat": "States {{state}}",
              "refId": "C"
            }
          ],
          "timeFrom": null,
          "timeShift": null,
          "title": "Метрики Thread поды $pods_mg",
          "type": "timeseries"
        }
      ],
      "title": "POD | Threads",
      "type": "row"
    },
    {
      "collapsed": true,
      "datasource": "Victoria_metrics",
      "gridPos": {
        "h": 1,
        "w": 24,
        "x": 0,
        "y": 10
      },
      "id": 481,
      "panels": [
        {
          "datasource": "$datasource",
          "fieldConfig": {
            "defaults": {
              "color": {
                "mode": "palette-classic"
              },
              "custom": {
                "axisLabel": "",
                "axisPlacement": "auto",
                "barAlignment": 0,
                "drawStyle": "line",
                "fillOpacity": 10,
                "gradientMode": "none",
                "hideFrom": {
                  "legend": false,
                  "tooltip": false,
                  "viz": false
                },
                "lineInterpolation": "smooth",
                "lineWidth": 1,
                "pointSize": 5,
                "scaleDistribution": {
                  "type": "linear"
                },
                "showPoints": "never",
                "spanNulls": false,
                "stacking": {
                  "group": "A",
                  "mode": "none"
                },
                "thresholdsStyle": {
                  "mode": "off"
                }
              },
              "links": [],
              "mappings": [],
              "min": 0,
              "thresholds": {
                "mode": "absolute",
                "steps": [
                  {
                    "color": "green",
                    "value": null
                  },
                  {
                    "color": "red",
                    "value": 80
                  }
                ]
              },
              "unit": "decbytes"
            },
            "overrides": [
              {
                "matcher": {
                  "id": "byName",
                  "options": "Capacity"
                },
                "properties": [
                  {
                    "id": "color",
                    "value": {
                      "fixedColor": "dark-blue",
                      "mode": "fixed"
                    }
                  }
                ]
              },
              {
                "matcher": {
                  "id": "byName",
                  "options": "HEAP max"
                },
                "properties": [
                  {
                    "id": "color",
                    "value": {
                      "fixedColor": "dark-green",
                      "mode": "fixed"
                    }
                  }
                ]
              },
              {
                "matcher": {
                  "id": "byName",
                  "options": "Usage"
                },
                "properties": [
                  {
                    "id": "color",
                    "value": {
                      "fixedColor": "dark-orange",
                      "mode": "fixed"
                    }
                  }
                ]
              },
              {
                "matcher": {
                  "id": "byName",
                  "options": "Used"
                },
                "properties": [
                  {
                    "id": "color",
                    "value": {
                      "fixedColor": "dark-orange",
                      "mode": "fixed"
                    }
                  }
                ]
              },
              {
                "matcher": {
                  "id": "byName",
                  "options": "POD CPU"
                },
                "properties": [
                  {
                    "id": "custom.fillOpacity",
                    "value": 0
                  }
                ]
              }
            ]
          },
          "gridPos": {
            "h": 7,
            "w": 12,
            "x": 0,
            "y": 11
          },
          "id": 479,
          "interval": "",
          "links": [],
          "options": {
            "legend": {
              "calcs": [],
              "displayMode": "list",
              "placement": "bottom"
            },
            "tooltip": {
              "mode": "single"
            }
          },
          "pluginVersion": "8.1.1",
          "repeat": "pods_mg",
          "repeatDirection": "h",
          "targets": [
            {
              "expr": "jvm_buffer_memory_used_bytes{pod=~'$pods_mg'}",
              "format": "time_series",
              "hide": false,
              "interval": "",
              "intervalFactor": 1,
              "legendFormat": "Used",
              "refId": "A"
            },
            {
              "expr": "jvm_buffer_total_capacity_bytes{pod=~'$pods_mg'}",
              "format": "time_series",
              "hide": false,
              "interval": "",
              "intervalFactor": 1,
              "legendFormat": "Capacity",
              "refId": "B"
            }
          ],
          "timeFrom": null,
          "timeShift": null,
          "title": "Метрики Buffers memory поды $pods_mg",
          "type": "timeseries"
        },
        {
          "aliasColors": {
            "HEAP max": "dark-green",
            "Usage": "dark-orange"
          },
          "bars": false,
          "dashLength": 10,
          "dashes": false,
          "datasource": "$datasource",
          "decimals": 2,
          "editable": true,
          "error": false,
          "fieldConfig": {
            "defaults": {
              "links": []
            },
            "overrides": []
          },
          "fill": 1,
          "fillGradient": 0,
          "grid": {},
          "gridPos": {
            "h": 7,
            "w": 12,
            "x": 0,
            "y": 25
          },
          "hiddenSeries": false,
          "id": 477,
          "interval": "",
          "legend": {
            "alignAsTable": false,
            "avg": false,
            "current": false,
            "hideEmpty": true,
            "hideZero": true,
            "max": false,
            "min": false,
            "rightSide": false,
            "show": true,
            "sort": "current",
            "sortDesc": true,
            "total": false,
            "values": false
          },
          "lines": true,
          "linewidth": 1,
          "links": [],
          "maxPerRow": 2,
          "nullPointMode": "connected",
          "options": {
            "alertThreshold": true
          },
          "percentage": false,
          "pluginVersion": "8.1.1",
          "pointradius": 5,
          "points": false,
          "renderer": "flot",
          "repeat": "pods_mg",
          "repeatDirection": "h",
          "seriesOverrides": [
            {
              "alias": "POD CPU",
              "fill": 0
            }
          ],
          "spaceLength": 10,
          "stack": false,
          "steppedLine": false,
          "targets": [
            {
              "expr": "jvm_buffer_count_buffers{pod=~'$pods_mg'}",
              "format": "time_series",
              "hide": false,
              "interval": "",
              "intervalFactor": 1,
              "legendFormat": "Count",
              "refId": "A"
            }
          ],
          "thresholds": [],
          "timeFrom": null,
          "timeRegions": [],
          "timeShift": null,
          "title": "Метрики Buffers count поды $pods_mg",
          "tooltip": {
            "msResolution": false,
            "shared": true,
            "sort": 0,
            "value_type": "cumulative"
          },
          "type": "graph",
          "xaxis": {
            "buckets": null,
            "mode": "time",
            "name": null,
            "show": true,
            "values": []
          },
          "yaxes": [
            {
              "format": "short",
              "label": null,
              "logBase": 1,
              "max": null,
              "min": "0",
              "show": true
            },
            {
              "format": "short",
              "label": null,
              "logBase": 1,
              "max": null,
              "min": null,
              "show": true
            }
          ],
          "yaxis": {
            "align": false,
            "alignLevel": null
          }
        }
      ],
      "title": "POD | Buffer info",
      "type": "row"
    },
    {
      "collapsed": true,
      "datasource": "Victoria_metrics",
      "gridPos": {
        "h": 1,
        "w": 24,
        "x": 0,
        "y": 11
      },
      "id": 493,
      "panels": [
        {
          "datasource": "$datasource",
          "fieldConfig": {
            "defaults": {
              "color": {
                "mode": "palette-classic"
              },
              "custom": {
                "axisLabel": "",
                "axisPlacement": "auto",
                "barAlignment": 0,
                "drawStyle": "line",
                "fillOpacity": 10,
                "gradientMode": "none",
                "hideFrom": {
                  "legend": false,
                  "tooltip": false,
                  "viz": false
                },
                "lineInterpolation": "smooth",
                "lineWidth": 1,
                "pointSize": 5,
                "scaleDistribution": {
                  "type": "linear"
                },
                "showPoints": "never",
                "spanNulls": false,
                "stacking": {
                  "group": "A",
                  "mode": "none"
                },
                "thresholdsStyle": {
                  "mode": "off"
                }
              },
              "links": [],
              "mappings": [],
              "min": 0,
              "thresholds": {
                "mode": "absolute",
                "steps": [
                  {
                    "color": "green",
                    "value": null
                  },
                  {
                    "color": "red",
                    "value": 80
                  }
                ]
              },
              "unit": "decbytes"
            },
            "overrides": [
              {
                "matcher": {
                  "id": "byName",
                  "options": "Capacity"
                },
                "properties": [
                  {
                    "id": "color",
                    "value": {
                      "fixedColor": "dark-blue",
                      "mode": "fixed"
                    }
                  }
                ]
              },
              {
                "matcher": {
                  "id": "byName",
                  "options": "HEAP max"
                },
                "properties": [
                  {
                    "id": "color",
                    "value": {
                      "fixedColor": "dark-green",
                      "mode": "fixed"
                    }
                  }
                ]
              },
              {
                "matcher": {
                  "id": "byName",
                  "options": "Usage"
                },
                "properties": [
                  {
                    "id": "color",
                    "value": {
                      "fixedColor": "dark-orange",
                      "mode": "fixed"
                    }
                  }
                ]
              },
              {
                "matcher": {
                  "id": "byName",
                  "options": "Used"
                },
                "properties": [
                  {
                    "id": "color",
                    "value": {
                      "fixedColor": "dark-orange",
                      "mode": "fixed"
                    }
                  }
                ]
              },
              {
                "matcher": {
                  "id": "byName",
                  "options": "POD CPU"
                },
                "properties": [
                  {
                    "id": "custom.fillOpacity",
                    "value": 0
                  }
                ]
              }
            ]
          },
          "gridPos": {
            "h": 7,
            "w": 12,
            "x": 0,
            "y": 12
          },
          "id": 491,
          "interval": "",
          "links": [],
          "options": {
            "legend": {
              "calcs": [],
              "displayMode": "list",
              "placement": "bottom"
            },
            "tooltip": {
              "mode": "single"
            }
          },
          "pluginVersion": "8.1.1",
          "repeat": "pods_mg",
          "repeatDirection": "h",
          "targets": [
            {
              "expr": "jvm_gc_max_data_size_bytes{pod=~'$pods_mg'}",
              "format": "time_series",
              "hide": false,
              "interval": "",
              "intervalFactor": 1,
              "legendFormat": "Max data size",
              "refId": "A"
            },
            {
              "expr": "jvm_gc_live_data_size_bytes{pod=~'$pods_mg'}",
              "format": "time_series",
              "hide": false,
              "interval": "",
              "intervalFactor": 1,
              "legendFormat": "Live data size",
              "refId": "B"
            }
          ],
          "timeFrom": null,
          "timeShift": null,
          "title": "Метрики GC data size поды $pods_mg",
          "type": "timeseries"
        },
        {
          "aliasColors": {
            "Capacity": "dark-blue",
            "HEAP max": "dark-green",
            "Usage": "dark-orange",
            "Used": "dark-orange"
          },
          "bars": false,
          "dashLength": 10,
          "dashes": false,
          "datasource": "$datasource",
          "decimals": 2,
          "editable": true,
          "error": false,
          "fieldConfig": {
            "defaults": {
              "links": [],
              "unit": "s"
            },
            "overrides": []
          },
          "fill": 1,
          "fillGradient": 0,
          "grid": {},
          "gridPos": {
            "h": 7,
            "w": 12,
            "x": 0,
            "y": 26
          },
          "hiddenSeries": false,
          "id": 487,
          "interval": "",
          "legend": {
            "alignAsTable": false,
            "avg": false,
            "current": false,
            "hideEmpty": true,
            "hideZero": true,
            "max": true,
            "min": false,
            "rightSide": false,
            "show": true,
            "total": false,
            "values": true
          },
          "lines": true,
          "linewidth": 1,
          "links": [],
          "maxPerRow": 2,
          "nullPointMode": "connected",
          "options": {
            "alertThreshold": true
          },
          "percentage": false,
          "pluginVersion": "8.1.1",
          "pointradius": 5,
          "points": false,
          "renderer": "flot",
          "repeat": "pods_mg",
          "repeatDirection": "h",
          "seriesOverrides": [
            {
              "alias": "POD CPU",
              "fill": 0
            }
          ],
          "spaceLength": 10,
          "stack": false,
          "steppedLine": false,
          "targets": [
            {
              "exemplar": true,
              "expr": "jvm:gc_pause_seconds_count:rate1m{pod=~'$pods_mg'}",
              "format": "time_series",
              "hide": false,
              "interval": "",
              "intervalFactor": 1,
              "legendFormat": "Count {{cause}}",
              "refId": "A"
            },
            {
              "exemplar": true,
              "expr": "\njvm_gc_pause_seconds_max{pod=~'$pods_mg'}",
              "format": "time_series",
              "hide": false,
              "interval": "",
              "intervalFactor": 1,
              "legendFormat": "Max  {{cause}}",
              "refId": "B"
            },
            {
              "exemplar": true,
              "expr": " jvm:gc_pause_seconds_sum:rate1m{pod=~'$pods_mg'}",
              "format": "time_series",
              "hide": false,
              "interval": "",
              "intervalFactor": 1,
              "legendFormat": "Sum  {{cause}}",
              "refId": "C"
            }
          ],
          "thresholds": [],
          "timeFrom": null,
          "timeRegions": [],
          "timeShift": null,
          "title": "Метрики GC  pause поды $pods_mg",
          "tooltip": {
            "msResolution": false,
            "shared": true,
            "sort": 0,
            "value_type": "cumulative"
          },
          "type": "graph",
          "xaxis": {
            "buckets": null,
            "mode": "time",
            "name": null,
            "show": true,
            "values": []
          },
          "yaxes": [
            {
              "format": "s",
              "label": null,
              "logBase": 1,
              "max": null,
              "min": "0",
              "show": true
            },
            {
              "format": "short",
              "label": null,
              "logBase": 1,
              "max": null,
              "min": null,
              "show": false
            }
          ],
          "yaxis": {
            "align": false,
            "alignLevel": null
          }
        },
        {
          "aliasColors": {
            "Allocated": "dark-green",
            "Capacity": "dark-blue",
            "HEAP max": "dark-green",
            "Promoted": "dark-blue",
            "Usage": "dark-orange",
            "Used": "dark-orange"
          },
          "bars": false,
          "dashLength": 10,
          "dashes": false,
          "datasource": "$datasource",
          "decimals": 2,
          "editable": true,
          "error": false,
          "fieldConfig": {
            "defaults": {
              "links": []
            },
            "overrides": []
          },
          "fill": 1,
          "fillGradient": 0,
          "grid": {},
          "gridPos": {
            "h": 7,
            "w": 12,
            "x": 0,
            "y": 40
          },
          "hiddenSeries": false,
          "id": 489,
          "interval": "",
          "legend": {
            "alignAsTable": false,
            "avg": false,
            "current": false,
            "hideEmpty": true,
            "hideZero": true,
            "max": false,
            "min": false,
            "rightSide": false,
            "show": true,
            "sort": "current",
            "sortDesc": true,
            "total": false,
            "values": false
          },
          "lines": true,
          "linewidth": 1,
          "links": [],
          "maxPerRow": 2,
          "nullPointMode": "connected",
          "options": {
            "alertThreshold": true
          },
          "percentage": false,
          "pluginVersion": "8.1.1",
          "pointradius": 5,
          "points": false,
          "renderer": "flot",
          "repeat": "pods_mg",
          "repeatDirection": "h",
          "seriesOverrides": [
            {
              "alias": "POD CPU",
              "fill": 0
            }
          ],
          "spaceLength": 10,
          "stack": false,
          "steppedLine": false,
          "targets": [
            {
              "exemplar": true,
              "expr": "jvm:gc_memory_promoted_bytes_total:rate1m{pod=~'$pods_mg'}",
              "format": "time_series",
              "hide": false,
              "interval": "",
              "intervalFactor": 1,
              "legendFormat": "Promoted",
              "refId": "A"
            },
            {
              "exemplar": true,
              "expr": " jvm:gc_memory_allocated_bytes_total:rate1m{pod=~'$pods_mg'}",
              "format": "time_series",
              "hide": false,
              "interval": "",
              "intervalFactor": 1,
              "legendFormat": "Allocated",
              "refId": "C"
            }
          ],
          "thresholds": [],
          "timeFrom": null,
          "timeRegions": [],
          "timeShift": null,
          "title": "Метрики GC  memory поды $pods_mg",
          "tooltip": {
            "msResolution": false,
            "shared": true,
            "sort": 0,
            "value_type": "cumulative"
          },
          "type": "graph",
          "xaxis": {
            "buckets": null,
            "mode": "time",
            "name": null,
            "show": true,
            "values": []
          },
          "yaxes": [
            {
              "format": "decbytes",
              "label": null,
              "logBase": 1,
              "max": null,
              "min": "0",
              "show": true
            },
            {
              "format": "short",
              "label": null,
              "logBase": 1,
              "max": null,
              "min": null,
              "show": false
            }
          ],
          "yaxis": {
            "align": false,
            "alignLevel": null
          }
        }
      ],
      "title": "POD | GC info",
      "type": "row"
    },
    {
      "collapsed": true,
      "datasource": "Victoria_metrics",
      "gridPos": {
        "h": 1,
        "w": 24,
        "x": 0,
        "y": 12
      },
      "id": 719,
      "panels": [
        {
          "datasource": "$datasource",
          "fieldConfig": {
            "defaults": {
              "color": {
                "mode": "palette-classic"
              },
              "custom": {
                "axisLabel": "",
                "axisPlacement": "auto",
                "barAlignment": 0,
                "drawStyle": "line",
                "fillOpacity": 10,
                "gradientMode": "none",
                "hideFrom": {
                  "legend": false,
                  "tooltip": false,
                  "viz": false
                },
                "lineInterpolation": "smooth",
                "lineWidth": 1,
                "pointSize": 5,
                "scaleDistribution": {
                  "type": "linear"
                },
                "showPoints": "never",
                "spanNulls": false,
                "stacking": {
                  "group": "A",
                  "mode": "none"
                },
                "thresholdsStyle": {
                  "mode": "off"
                }
              },
              "links": [],
              "mappings": [],
              "min": 0,
              "thresholds": {
                "mode": "absolute",
                "steps": [
                  {
                    "color": "green",
                    "value": null
                  },
                  {
                    "color": "red",
                    "value": 80
                  }
                ]
              },
              "unit": "decbytes"
            },
            "overrides": [
              {
                "matcher": {
                  "id": "byName",
                  "options": "Capacity"
                },
                "properties": [
                  {
                    "id": "color",
                    "value": {
                      "fixedColor": "dark-blue",
                      "mode": "fixed"
                    }
                  }
                ]
              },
              {
                "matcher": {
                  "id": "byName",
                  "options": "HEAP max"
                },
                "properties": [
                  {
                    "id": "color",
                    "value": {
                      "fixedColor": "dark-green",
                      "mode": "fixed"
                    }
                  }
                ]
              },
              {
                "matcher": {
                  "id": "byName",
                  "options": "Usage"
                },
                "properties": [
                  {
                    "id": "color",
                    "value": {
                      "fixedColor": "dark-orange",
                      "mode": "fixed"
                    }
                  }
                ]
              },
              {
                "matcher": {
                  "id": "byName",
                  "options": "Used"
                },
                "properties": [
                  {
                    "id": "color",
                    "value": {
                      "fixedColor": "dark-orange",
                      "mode": "fixed"
                    }
                  }
                ]
              },
              {
                "matcher": {
                  "id": "byName",
                  "options": "POD CPU"
                },
                "properties": [
                  {
                    "id": "custom.fillOpacity",
                    "value": 0
                  }
                ]
              }
            ]
          },
          "gridPos": {
            "h": 7,
            "w": 6,
            "x": 0,
            "y": 13
          },
          "id": 717,
          "interval": "",
          "links": [],
          "options": {
            "legend": {
              "calcs": [],
              "displayMode": "list",
              "placement": "bottom"
            },
            "tooltip": {
              "mode": "single"
            }
          },
          "pluginVersion": "8.1.1",
          "repeat": "pods_mg",
          "repeatDirection": "h",
          "targets": [
            {
              "exemplar": true,
              "expr": " jvm:classes_loaded_classes:rate1m{pod=~'$pods_mg'}",
              "format": "time_series",
              "hide": false,
              "interval": "",
              "intervalFactor": 1,
              "legendFormat": "Loaded",
              "refId": "A"
            },
            {
              "exemplar": true,
              "expr": "jvm:classes_unloaded_classes_totalrate1m{pod=~'$pods_mg'}",
              "format": "time_series",
              "hide": false,
              "interval": "",
              "intervalFactor": 1,
              "legendFormat": "Unloaded",
              "refId": "B"
            }
          ],
          "timeFrom": null,
          "timeShift": null,
          "title": "Метрики Java Classes поды $pods_mg",
          "type": "timeseries"
        }
      ],
      "title": "POD | Java Classes",
      "type": "row"
    }
  ],
  "refresh": "30s",
  "schemaVersion": 30,
  "style": "dark",
  "tags": [
    "openshift"
  ],
  "templating": {
    "list": [
      {
        "allValue": null,
        "current": {
          "selected": false,
          "text": "gt-sol-nt2-coreplatform-01",
          "value": "gt-sol-nt2-coreplatform-01"
        },
        "datasource": "Victoria_metrics",
        "definition": "label_values(kube_namespace_created, namespace)",
        "description": null,
        "error": null,
        "hide": 0,
        "includeAll": false,
        "label": "Namespace",
        "multi": false,
        "name": "project_mg",
        "options": [],
        "query": {
          "query": "label_values(kube_namespace_created, namespace)",
          "refId": "Prometheus_main_storage-project_mg-Variable-Query"
        },
        "refresh": 1,
        "regex": "",
        "skipUrlSync": false,
        "sort": 0,
        "tagValuesQuery": "",
        "tagsQuery": "",
        "type": "query",
        "useTags": false
      },
      {
        "allValue": null,
        "current": {
          "selected": true,
          "text": [
            "All"
          ],
          "value": [
            "$__all"
          ]
        },
        "datasource": "Victoria_metrics",
        "definition": "label_values(pod:container_cpu_usage:sum{namespace=\"$project_mg\"}, pod)",
        "description": null,
        "error": null,
        "hide": 0,
        "includeAll": true,
        "label": "Pods",
        "multi": true,
        "name": "pods_mg",
        "options": [],
        "query": {
          "query": "label_values(pod:container_cpu_usage:sum{namespace=\"$project_mg\"}, pod)",
          "refId": "Prometheus_main_storage-pods_mg-Variable-Query"
        },
        "refresh": 2,
        "regex": "",
        "skipUrlSync": false,
        "sort": 0,
        "tagValuesQuery": "",
        "tagsQuery": "",
        "type": "query",
        "useTags": false
      },
      {
        "current": {
          "selected": false,
          "text": "Prometheus_main_storage",
          "value": "Prometheus_main_storage"
        },
        "description": null,
        "error": null,
        "hide": 0,
        "includeAll": false,
        "label": null,
        "multi": false,
        "name": "datasource",
        "options": [],
        "query": "prometheus",
        "queryValue": "",
        "refresh": 1,
        "regex": "",
        "skipUrlSync": false,
        "type": "datasource"
      }
    ]
  },
  "time": {
    "from": "now-1h",
    "to": "now"
  },
  "timepicker": {
    "refresh_intervals": [
      "5s",
      "10s",
      "30s",
      "1m",
      "5m",
      "15m",
      "30m",
      "1h",
      "2h",
      "1d"
    ],
    "time_options": [
      "5m",
      "15m",
      "1h",
      "6h",
      "12h",
      "24h",
      "2d",
      "7d",
      "30d"
    ]
  },
  "timezone": "",
  "title": "OpenShift Sevice Overview",
  "uid": "W-YPVeM7k",
  "version": 16
}