{
  "annotations": {
    "list": [
      {
        "builtIn": 1,
        "datasource": "Victoria_metrics",
        "enable": true,
        "hide": true,
        "iconColor": "rgba(0, 211, 255, 1)",
        "name": "Annotations & Alerts",
        "target": {
          "limit": 100,
          "matchAny": false,
          "tags": [],
          "type": "dashboard"
        },
        "type": "dashboard"
      }
    ]
  },
  "description": "Overview for VictoriaMetrics vmalert v1.65.0 or higher",
  "editable": true,
  "fiscalYearStartMonth": 0,
  "graphTooltip": 1,
  "id": 20,
  "iteration": 1642770578502,
  "links": [
    {
      "asDropdown": false,
      "icon": "external link",
      "includeVars": false,
      "keepTime": false,
      "tags": [],
      "targetBlank": true,
      "title": "vmalert docs",
      "tooltip": "",
      "type": "link",
      "url": "https://docs.victoriametrics.com/vmalert.html"
    },
    {
      "asDropdown": false,
      "icon": "external link",
      "includeVars": false,
      "keepTime": false,
      "tags": [],
      "targetBlank": true,
      "title": "Found a bug?",
      "tooltip": "",
      "type": "link",
      "url": " https://github.com/VictoriaMetrics/VictoriaMetrics/issues"
    },
    {
      "asDropdown": false,
      "icon": "external link",
      "includeVars": false,
      "keepTime": false,
      "tags": [],
      "targetBlank": true,
      "title": "New releases",
      "tooltip": "",
      "type": "link",
      "url": " https://github.com/VictoriaMetrics/VictoriaMetrics/releases"
    }
  ],
  "liveNow": false,
  "panels": [
    {
      "collapsed": false,
      "gridPos": {
        "h": 1,
        "w": 24,
        "x": 0,
        "y": 0
      },
      "id": 11,
      "panels": [],
      "title": "General ($instance)",
      "type": "row"
    },
    {
      "datasource": "Victoria_metrics",
      "description": "Shows if the last configuration update was successful. \"Not Ok\" means there was an unsuccessful attempt to update the configuration due to some error. Check the log for details.",
      "fieldConfig": {
        "defaults": {
          "mappings": [
            {
              "options": {
                "0": {
                  "color": "green",
                  "index": 0,
                  "text": "Ok"
                }
              },
              "type": "value"
            },
            {
              "options": {
                "from": 1,
                "result": {
                  "color": "red",
                  "index": 1,
                  "text": "Not Ok"
                },
                "to": 999999
              },
              "type": "range"
            }
          ],
          "thresholds": {
            "mode": "absolute",
            "steps": [
              {
                "color": "green",
                "value": null
              }
            ]
          }
        },
        "overrides": []
      },
      "gridPos": {
        "h": 3,
        "w": 3,
        "x": 0,
        "y": 1
      },
      "id": 6,
      "options": {
        "colorMode": "value",
        "graphMode": "area",
        "justifyMode": "auto",
        "orientation": "auto",
        "reduceOptions": {
          "calcs": [
            "last"
          ],
          "fields": "",
          "values": false
        },
        "text": {},
        "textMode": "auto"
      },
      "pluginVersion": "8.3.4",
      "targets": [
        {
          "datasource": "Victoria_metrics",
          "exemplar": false,
          "expr": "count(vmalert_config_last_reload_successful{group=~\"$group\", service=~\"$service\",instance=~\"$instance\"} < 1 ) or 0",
          "interval": "",
          "legendFormat": "",
          "refId": "A"
        }
      ],
      "title": "Config error",
      "type": "stat"
    },
    {
      "datasource": "Victoria_metrics",
      "description": "Shows the total number of errors generated by recording/alerting rules for selected instances and groups.",
      "fieldConfig": {
        "defaults": {
          "mappings": [],
          "thresholds": {
            "mode": "absolute",
            "steps": [
              {
                "color": "green",
                "value": null
              },
              {
                "color": "red",
                "value": 1
              }
            ]
          }
        },
        "overrides": []
      },
      "gridPos": {
        "h": 3,
        "w": 5,
        "x": 3,
        "y": 1
      },
      "id": 8,
      "options": {
        "colorMode": "value",
        "graphMode": "area",
        "justifyMode": "auto",
        "orientation": "auto",
        "reduceOptions": {
          "calcs": [
            "last"
          ],
          "fields": "",
          "values": false
        },
        "text": {},
        "textMode": "auto"
      },
      "pluginVersion": "8.3.4",
      "targets": [
        {
          "datasource": "Victoria_metrics",
          "exemplar": false,
          "expr": "(sum(vmalert_alerting_rules_error{group=~\"$group\", service=~\"$service\",instance=~\"$instance\"}) or vector(0)) + \n(sum(vmalert_recording_rules_error{group=~\"$group\", service=~\"$service\",instance=~\"$instance\"}) or vector(0))",
          "interval": "",
          "legendFormat": "",
          "refId": "A"
        }
      ],
      "title": "Errors",
      "type": "stat"
    },
    {
      "datasource": "Victoria_metrics",
      "description": "Shows the total number of loaded alerting rules across selected instances and groups.",
      "fieldConfig": {
        "defaults": {
          "mappings": [],
          "thresholds": {
            "mode": "absolute",
            "steps": [
              {
                "color": "green",
                "value": null
              }
            ]
          }
        },
        "overrides": []
      },
      "gridPos": {
        "h": 3,
        "w": 5,
        "x": 8,
        "y": 1
      },
      "id": 9,
      "options": {
        "colorMode": "value",
        "graphMode": "area",
        "justifyMode": "auto",
        "orientation": "auto",
        "reduceOptions": {
          "calcs": [
            "last"
          ],
          "fields": "",
          "values": false
        },
        "text": {},
        "textMode": "auto"
      },
      "pluginVersion": "8.3.4",
      "targets": [
        {
          "datasource": "Victoria_metrics",
          "exemplar": false,
          "expr": "count(vmalert_alerting_rules_error{group=~\"$group\", service=~\"$service\",instance=~\"$instance\"})",
          "interval": "",
          "legendFormat": "",
          "refId": "A"
        }
      ],
      "title": "Alerting rules",
      "type": "stat"
    },
    {
      "datasource": "Victoria_metrics",
      "description": "Shows the total number of loaded recording rules across selected instances and groups.",
      "fieldConfig": {
        "defaults": {
          "mappings": [],
          "thresholds": {
            "mode": "absolute",
            "steps": [
              {
                "color": "green",
                "value": null
              }
            ]
          }
        },
        "overrides": []
      },
      "gridPos": {
        "h": 3,
        "w": 5,
        "x": 13,
        "y": 1
      },
      "id": 7,
      "options": {
        "colorMode": "value",
        "graphMode": "area",
        "justifyMode": "auto",
        "orientation": "auto",
        "reduceOptions": {
          "calcs": [
            "last"
          ],
          "fields": "",
          "values": false
        },
        "text": {},
        "textMode": "auto"
      },
      "pluginVersion": "8.3.4",
      "targets": [
        {
          "datasource": "Victoria_metrics",
          "exemplar": false,
          "expr": "count(vmalert_recording_rules_error{group=~\"$group\", service=~\"$service\",instance=~\"$instance\"})",
          "interval": "",
          "legendFormat": "",
          "refId": "A"
        }
      ],
      "title": "Recording rules",
      "type": "stat"
    },
    {
      "datasource": {
        "type": "prometheus",
        "uid": "PB9732EF3D2790863"
      },
      "fieldConfig": {
        "defaults": {
          "color": {
            "mode": "thresholds"
          },
          "custom": {
            "align": "auto",
            "displayMode": "auto"
          },
          "decimals": 2,
          "displayName": "",
          "mappings": [],
          "thresholds": {
            "mode": "absolute",
            "steps": [
              {
                "color": "green",
                "value": null
              },
              {
                "color": "red",
                "value": 80
              }
            ]
          },
          "unit": "short"
        },
        "overrides": [
          {
            "matcher": {
              "id": "byName",
              "options": "Value"
            },
            "properties": [
              {
                "id": "displayName",
                "value": "uptime"
              },
              {
                "id": "unit",
                "value": "s"
              },
              {
                "id": "decimals",
                "value": 2
              },
              {
                "id": "custom.displayMode",
                "value": "color-background"
              },
              {
                "id": "custom.align"
              },
              {
                "id": "thresholds",
                "value": {
                  "mode": "absolute",
                  "steps": [
                    {
                      "color": "rgba(245, 54, 54, 0.9)",
                      "value": null
                    },
                    {
                      "color": "rgba(237, 129, 40, 0.89)",
                      "value": 1800
                    },
                    {
                      "color": "rgba(50, 172, 45, 0.97)",
                      "value": 3600
                    }
                  ]
                }
              }
            ]
          },
          {
            "matcher": {
              "id": "byName",
              "options": "instance"
            },
            "properties": [
              {
                "id": "unit",
                "value": "short"
              },
              {
                "id": "decimals",
                "value": 2
              },
              {
                "id": "custom.align"
              }
            ]
          }
        ]
      },
      "gridPos": {
        "h": 7,
        "w": 6,
        "x": 18,
        "y": 1
      },
      "id": 2,
      "options": {
        "footer": {
          "fields": "",
          "reducer": [
            "sum"
          ],
          "show": false
        },
        "showHeader": true
      },
      "pluginVersion": "8.3.4",
      "targets": [
        {
          "datasource": "Victoria_metrics",
          "exemplar": false,
          "expr": "sort((time() - vm_app_start_timestamp{group=~\"$group\", service=~\"$service\",instance=~\"$instance\"}) or (up{group=~\"$group\", service=~\"$service\",instance=~\"$instance\"}))",
          "format": "table",
          "hide": false,
          "instant": true,
          "interval": "",
          "legendFormat": "{{instance}}",
          "refId": "A"
        }
      ],
      "title": "Uptime",
      "transformations": [
        {
          "id": "filterFieldsByName",
          "options": {
            "include": {
              "names": [
                "group",
                "instance",
                "job",
                "service",
                "Value"
              ]
            }
          }
        }
      ],
      "type": "table"
    },
    {
      "aliasColors": {},
      "bars": false,
      "dashLength": 10,
      "dashes": false,
      "datasource": "Victoria_metrics",
      "fieldConfig": {
        "defaults": {
          "links": []
        },
        "overrides": []
      },
      "fill": 0,
      "fillGradient": 0,
      "gridPos": {
        "h": 4,
        "w": 18,
        "x": 0,
        "y": 4
      },
      "hiddenSeries": false,
      "id": 4,
      "legend": {
        "alignAsTable": true,
        "avg": false,
        "current": true,
        "hideEmpty": false,
        "hideZero": false,
        "max": false,
        "min": false,
        "rightSide": true,
        "show": true,
        "sort": "current",
        "sortDesc": false,
        "total": false,
        "values": true
      },
      "lines": true,
      "linewidth": 1,
      "nullPointMode": "null as zero",
      "options": {
        "alertThreshold": true
      },
      "percentage": false,
      "pluginVersion": "8.3.4",
      "pointradius": 2,
      "points": false,
      "renderer": "flot",
      "seriesOverrides": [],
      "spaceLength": 10,
      "stack": false,
      "steppedLine": true,
      "targets": [
        {
          "datasource": "Victoria_metrics",
          "exemplar": false,
          "expr": "sort(sum(up{group=~\"$group\", service=~\"$service\",instance=~\"$instance\"}) by (job, instance))",
          "format": "time_series",
          "instant": false,
          "interval": "",
          "legendFormat": "{{instance}}",
          "refId": "A"
        }
      ],
      "thresholds": [],
      "timeRegions": [],
      "title": "Uptime",
      "tooltip": {
        "shared": true,
        "sort": 1,
        "value_type": "individual"
      },
      "type": "graph",
      "xaxis": {
        "mode": "time",
        "show": true,
        "values": []
      },
      "yaxes": [
        {
          "$$hashKey": "object:170",
          "decimals": 0,
          "format": "short",
          "logBase": 1,
          "min": "0",
          "show": true
        },
        {
          "$$hashKey": "object:171",
          "format": "short",
          "label": "",
          "logBase": 1,
          "show": true
        }
      ],
      "yaxis": {
        "align": false,
        "alignLevel": 2
      }
    },
    {
      "datasource": {
        "type": "prometheus",
        "uid": "PB9732EF3D2790863"
      },
      "description": "Shows the number of fired alerts by instance.",
      "fieldConfig": {
        "defaults": {
          "color": {
            "mode": "palette-classic"
          },
          "custom": {
            "axisLabel": "",
            "axisPlacement": "auto",
            "barAlignment": 0,
            "drawStyle": "line",
            "fillOpacity": 10,
            "gradientMode": "none",
            "hideFrom": {
              "legend": false,
              "tooltip": false,
              "viz": false
            },
            "lineInterpolation": "smooth",
            "lineWidth": 1,
            "pointSize": 5,
            "scaleDistribution": {
              "type": "linear"
            },
            "showPoints": "never",
            "spanNulls": true,
            "stacking": {
              "group": "A",
              "mode": "none"
            },
            "thresholdsStyle": {
              "mode": "off"
            }
          },
          "mappings": [],
          "thresholds": {
            "mode": "absolute",
            "steps": [
              {
                "color": "green",
                "value": null
              },
              {
                "color": "red",
                "value": 80
              }
            ]
          },
          "unit": "short"
        },
        "overrides": []
      },
      "gridPos": {
        "h": 8,
        "w": 12,
        "x": 0,
        "y": 8
      },
      "id": 15,
      "options": {
        "legend": {
          "calcs": [
            "mean",
            "lastNotNull",
            "max"
          ],
          "displayMode": "table",
          "placement": "bottom"
        },
        "tooltip": {
          "mode": "single"
        }
      },
      "pluginVersion": "8.3.4",
      "targets": [
        {
          "datasource": "Victoria_metrics",
          "exemplar": false,
          "expr": "sum(increase(vmalert_alerts_fired_total{group=~\"$group\", service=~\"$service\",instance=~\"$instance\"}[$__rate_interval])) by(instance)",
          "interval": "",
          "legendFormat": "{{instance}}",
          "refId": "A"
        }
      ],
      "title": "Alerts fired total",
      "type": "timeseries"
    },
    {
      "datasource": "Victoria_metrics",
      "description": "Average evaluation duration by group. Basically  means how long it takes to execute all the rules per each group.",
      "fieldConfig": {
        "defaults": {
          "color": {
            "mode": "palette-classic"
          },
          "custom": {
            "axisLabel": "",
            "axisPlacement": "auto",
            "barAlignment": 0,
            "drawStyle": "line",
            "fillOpacity": 0,
            "gradientMode": "none",
            "hideFrom": {
              "legend": false,
              "tooltip": false,
              "viz": false
            },
            "lineInterpolation": "smooth",
            "lineWidth": 1,
            "pointSize": 5,
            "scaleDistribution": {
              "type": "linear"
            },
            "showPoints": "never",
            "spanNulls": true,
            "stacking": {
              "group": "A",
              "mode": "none"
            },
            "thresholdsStyle": {
              "mode": "off"
            }
          },
          "mappings": [],
          "thresholds": {
            "mode": "absolute",
            "steps": [
              {
                "color": "green",
                "value": null
              },
              {
                "color": "red",
                "value": 80
              }
            ]
          },
          "unit": "s"
        },
        "overrides": []
      },
      "gridPos": {
        "h": 8,
        "w": 12,
        "x": 12,
        "y": 8
      },
      "id": 23,
      "options": {
        "legend": {
          "calcs": [
            "mean",
            "lastNotNull",
            "max"
          ],
          "displayMode": "table",
          "placement": "bottom"
        },
        "tooltip": {
          "mode": "single"
        }
      },
      "pluginVersion": "8.3.4",
      "targets": [
        {
          "datasource": "Victoria_metrics",
          "exemplar": false,
          "expr": "sum(rate(vmalert_iteration_duration_seconds_sum{group=~\"$group\", service=~\"$service\",instance=~\"$instance\"}[$__rate_interval])) by(group) / \nsum(rate(vmalert_iteration_duration_seconds_count{group=~\"$group\", service=~\"$service\",instance=~\"$instance\"}[$__rate_interval])) by(group)",
          "interval": "",
          "legendFormat": "{{group}}",
          "refId": "A"
        }
      ],
      "title": "Groups avg evaluation duration ($group)",
      "type": "timeseries"
    },
    {
      "datasource": "Victoria_metrics",
      "description": "Shows how many requests (executions) per second vmalert sends to the configured datasource.",
      "fieldConfig": {
        "defaults": {
          "color": {
            "mode": "palette-classic"
          },
          "custom": {
            "axisLabel": "",
            "axisPlacement": "auto",
            "barAlignment": 0,
            "drawStyle": "line",
            "fillOpacity": 0,
            "gradientMode": "none",
            "hideFrom": {
              "legend": false,
              "tooltip": false,
              "viz": false
            },
            "lineInterpolation": "smooth",
            "lineWidth": 1,
            "pointSize": 5,
            "scaleDistribution": {
              "type": "linear"
            },
            "showPoints": "never",
            "spanNulls": true,
            "stacking": {
              "group": "A",
              "mode": "none"
            },
            "thresholdsStyle": {
              "mode": "off"
            }
          },
          "mappings": [],
          "thresholds": {
            "mode": "absolute",
            "steps": [
              {
                "color": "green",
                "value": null
              },
              {
                "color": "red",
                "value": 80
              }
            ]
          },
          "unit": "short"
        },
        "overrides": []
      },
      "gridPos": {
        "h": 8,
        "w": 12,
        "x": 0,
        "y": 16
      },
      "id": 24,
      "options": {
        "legend": {
          "calcs": [
            "mean",
            "lastNotNull",
            "max"
          ],
          "displayMode": "table",
          "placement": "bottom"
        },
        "tooltip": {
          "mode": "single"
        }
      },
      "pluginVersion": "8.3.4",
      "targets": [
        {
          "datasource": "Victoria_metrics",
          "exemplar": false,
          "expr": "sum(rate(vmalert_execution_total{group=~\"$group\", service=~\"$service\",instance=~\"$instance\"}[$__rate_interval])) by (instance)",
          "interval": "",
          "legendFormat": "{{instance}}",
          "refId": "A"
        }
      ],
      "title": "Rules execution rate ($instance)",
      "type": "timeseries"
    },
    {
      "datasource": "Victoria_metrics",
      "description": "Shows the error rate while executing configured rules. Non-zero value means there are some issues with existing rules. Check the logs to get more details.",
      "fieldConfig": {
        "defaults": {
          "color": {
            "mode": "palette-classic"
          },
          "custom": {
            "axisLabel": "",
            "axisPlacement": "auto",
            "barAlignment": 0,
            "drawStyle": "line",
            "fillOpacity": 10,
            "gradientMode": "none",
            "hideFrom": {
              "legend": false,
              "tooltip": false,
              "viz": false
            },
            "lineInterpolation": "smooth",
            "lineWidth": 1,
            "pointSize": 5,
            "scaleDistribution": {
              "type": "linear"
            },
            "showPoints": "never",
            "spanNulls": true,
            "stacking": {
              "group": "A",
              "mode": "none"
            },
            "thresholdsStyle": {
              "mode": "off"
            }
          },
          "mappings": [],
          "thresholds": {
            "mode": "absolute",
            "steps": [
              {
                "color": "green",
                "value": null
              },
              {
                "color": "red",
                "value": 80
              }
            ]
          },
          "unit": "short"
        },
        "overrides": []
      },
      "gridPos": {
        "h": 8,
        "w": 12,
        "x": 12,
        "y": 16
      },
      "id": 25,
      "options": {
        "legend": {
          "calcs": [
            "mean",
            "lastNotNull",
            "max"
          ],
          "displayMode": "table",
          "placement": "bottom"
        },
        "tooltip": {
          "mode": "single"
        }
      },
      "pluginVersion": "8.3.4",
      "targets": [
        {
          "datasource": "Victoria_metrics",
          "exemplar": false,
          "expr": "sum(increase(vmalert_execution_errors_total{group=~\"$group\", service=~\"$service\",instance=~\"$instance\"}[$__rate_interval])) by(instance)",
          "interval": "",
          "legendFormat": "{{instance}}",
          "refId": "A"
        }
      ],
      "title": "Rules execution errors ($instance)",
      "type": "timeseries"
    },
    {
      "collapsed": true,
      "gridPos": {
        "h": 1,
        "w": 24,
        "x": 0,
        "y": 24
      },
      "id": 17,
      "panels": [
        {
          "datasource": "Victoria_metrics",
          "description": "Shows the current active (firing) alerting rules per group.",
          "fieldConfig": {
            "defaults": {
              "color": {
                "mode": "palette-classic"
              },
              "custom": {
                "axisLabel": "",
                "axisPlacement": "auto",
                "barAlignment": 0,
                "drawStyle": "line",
                "fillOpacity": 0,
                "gradientMode": "none",
                "hideFrom": {
                  "legend": false,
                  "tooltip": false,
                  "viz": false
                },
                "lineInterpolation": "smooth",
                "lineWidth": 1,
                "pointSize": 5,
                "scaleDistribution": {
                  "type": "linear"
                },
                "showPoints": "never",
                "spanNulls": true,
                "stacking": {
                  "group": "A",
                  "mode": "none"
                },
                "thresholdsStyle": {
                  "mode": "off"
                }
              },
              "mappings": [],
              "thresholds": {
                "mode": "absolute",
                "steps": [
                  {
                    "color": "green"
                  },
                  {
                    "color": "red",
                    "value": 80
                  }
                ]
              },
              "unit": "short"
            },
            "overrides": []
          },
          "gridPos": {
            "h": 8,
            "w": 12,
            "x": 0,
            "y": 2
          },
          "id": 14,
          "options": {
            "legend": {
              "calcs": [
                "mean",
                "lastNotNull",
                "max"
              ],
              "displayMode": "table",
              "placement": "bottom"
            },
            "tooltip": {
              "mode": "single"
            }
          },
          "pluginVersion": "8.3.4",
          "targets": [
            {
              "datasource": "Victoria_metrics",
              "exemplar": false,
              "expr": "sum(vmalert_alerts_firing{group=~\"$group\", service=~\"$service\",instance=~\"$instance\"}) by(group, alertname) > 0",
              "interval": "",
              "legendFormat": "{{alertname}} ({{group}})",
              "refId": "A"
            }
          ],
          "title": "Active ($group)",
          "type": "timeseries"
        },
        {
          "datasource": "Victoria_metrics",
          "description": "Shows the events when rule execution resulted into an error. Check the logs for more details.",
          "fieldConfig": {
            "defaults": {
              "color": {
                "mode": "palette-classic"
              },
              "custom": {
                "axisLabel": "",
                "axisPlacement": "auto",
                "barAlignment": 0,
                "drawStyle": "line",
                "fillOpacity": 0,
                "gradientMode": "none",
                "hideFrom": {
                  "legend": false,
                  "tooltip": false,
                  "viz": false
                },
                "lineInterpolation": "smooth",
                "lineWidth": 1,
                "pointSize": 5,
                "scaleDistribution": {
                  "type": "linear"
                },
                "showPoints": "never",
                "spanNulls": true,
                "stacking": {
                  "group": "A",
                  "mode": "none"
                },
                "thresholdsStyle": {
                  "mode": "off"
                }
              },
              "mappings": [],
              "thresholds": {
                "mode": "absolute",
                "steps": [
                  {
                    "color": "green"
                  },
                  {
                    "color": "red",
                    "value": 80
                  }
                ]
              },
              "unit": "short"
            },
            "overrides": []
          },
          "gridPos": {
            "h": 8,
            "w": 12,
            "x": 12,
            "y": 2
          },
          "id": 13,
          "options": {
            "legend": {
              "calcs": [
                "mean",
                "lastNotNull",
                "max"
              ],
              "displayMode": "table",
              "placement": "bottom"
            },
            "tooltip": {
              "mode": "single"
            }
          },
          "pluginVersion": "8.3.4",
          "targets": [
            {
              "datasource": "Victoria_metrics",
              "exemplar": false,
              "expr": "sum(vmalert_alerting_rules_error{group=~\"$group\", service=~\"$service\",instance=~\"$instance\"}) by(group, alertname) > 0",
              "interval": "",
              "legendFormat": "{{alertname}} ({{group}})",
              "refId": "A"
            }
          ],
          "title": "Errors ($group)",
          "type": "timeseries"
        },
        {
          "datasource": "Victoria_metrics",
          "description": "Shows the current pending alerting rules per group.\nBy pending means the rule which remains active less than configured `for` parameter.",
          "fieldConfig": {
            "defaults": {
              "color": {
                "mode": "palette-classic"
              },
              "custom": {
                "axisLabel": "",
                "axisPlacement": "auto",
                "barAlignment": 0,
                "drawStyle": "line",
                "fillOpacity": 0,
                "gradientMode": "none",
                "hideFrom": {
                  "legend": false,
                  "tooltip": false,
                  "viz": false
                },
                "lineInterpolation": "smooth",
                "lineWidth": 1,
                "pointSize": 5,
                "scaleDistribution": {
                  "type": "linear"
                },
                "showPoints": "never",
                "spanNulls": true,
                "stacking": {
                  "group": "A",
                  "mode": "none"
                },
                "thresholdsStyle": {
                  "mode": "off"
                }
              },
              "mappings": [],
              "thresholds": {
                "mode": "absolute",
                "steps": [
                  {
                    "color": "green"
                  },
                  {
                    "color": "red",
                    "value": 80
                  }
                ]
              },
              "unit": "short"
            },
            "overrides": []
          },
          "gridPos": {
            "h": 8,
            "w": 12,
            "x": 0,
            "y": 10
          },
          "id": 20,
          "options": {
            "legend": {
              "calcs": [
                "mean",
                "lastNotNull",
                "max"
              ],
              "displayMode": "table",
              "placement": "bottom"
            },
            "tooltip": {
              "mode": "single"
            }
          },
          "pluginVersion": "8.3.4",
          "targets": [
            {
              "datasource": "Victoria_metrics",
              "exemplar": false,
              "expr": "sum(vmalert_alerts_pending{group=~\"$group\", service=~\"$service\",instance=~\"$instance\"}) by(group, alertname) > 0",
              "interval": "",
              "legendFormat": "{{alertname}} ({{group}})",
              "refId": "A"
            }
          ],
          "title": "Pending ($group)",
          "type": "timeseries"
        },
        {
          "datasource": "Victoria_metrics",
          "description": "Shows how many alerts are sent to Alertmanager per second. Only active alerts are sent.",
          "fieldConfig": {
            "defaults": {
              "color": {
                "mode": "palette-classic"
              },
              "custom": {
                "axisLabel": "",
                "axisPlacement": "auto",
                "barAlignment": 0,
                "drawStyle": "line",
                "fillOpacity": 0,
                "gradientMode": "none",
                "hideFrom": {
                  "legend": false,
                  "tooltip": false,
                  "viz": false
                },
                "lineInterpolation": "smooth",
                "lineWidth": 1,
                "pointSize": 5,
                "scaleDistribution": {
                  "type": "linear"
                },
                "showPoints": "never",
                "spanNulls": true,
                "stacking": {
                  "group": "A",
                  "mode": "none"
                },
                "thresholdsStyle": {
                  "mode": "off"
                }
              },
              "mappings": [],
              "min": 0,
              "thresholds": {
                "mode": "absolute",
                "steps": [
                  {
                    "color": "green"
                  },
                  {
                    "color": "red",
                    "value": 80
                  }
                ]
              },
              "unit": "short"
            },
            "overrides": []
          },
          "gridPos": {
            "h": 8,
            "w": 12,
            "x": 12,
            "y": 10
          },
          "id": 26,
          "options": {
            "legend": {
              "calcs": [
                "mean",
                "lastNotNull",
                "max"
              ],
              "displayMode": "table",
              "placement": "bottom"
            },
            "tooltip": {
              "mode": "single"
            }
          },
          "pluginVersion": "8.3.4",
          "targets": [
            {
              "datasource": "Victoria_metrics",
              "exemplar": false,
              "expr": "sum(rate(vmalert_alerts_sent_total{group=~\"$group\", service=~\"$service\",instance=~\"$instance\"}[$__rate_interval])) by(instance, addr)",
              "interval": "",
              "legendFormat": "{{instance}} => {{addr}}",
              "refId": "A"
            }
          ],
          "title": "Requests rate to Alertmanager ($group)",
          "type": "timeseries"
        },
        {
          "datasource": "Victoria_metrics",
          "description": "Shows the error rate for the attempts to send alerts to Alertmanager. If not zero it means there issues on attempt to send notification to Alertmanager and some alerts may be not delivered properly. Check the logs for more details.",
          "fieldConfig": {
            "defaults": {
              "color": {
                "mode": "palette-classic"
              },
              "custom": {
                "axisLabel": "",
                "axisPlacement": "auto",
                "barAlignment": 0,
                "drawStyle": "line",
                "fillOpacity": 0,
                "gradientMode": "none",
                "hideFrom": {
                  "legend": false,
                  "tooltip": false,
                  "viz": false
                },
                "lineInterpolation": "smooth",
                "lineWidth": 1,
                "pointSize": 5,
                "scaleDistribution": {
                  "type": "linear"
                },
                "showPoints": "never",
                "spanNulls": true,
                "stacking": {
                  "group": "A",
                  "mode": "none"
                },
                "thresholdsStyle": {
                  "mode": "off"
                }
              },
              "mappings": [],
              "min": 0,
              "thresholds": {
                "mode": "absolute",
                "steps": [
                  {
                    "color": "green"
                  },
                  {
                    "color": "red",
                    "value": 80
                  }
                ]
              },
              "unit": "short"
            },
            "overrides": []
          },
          "gridPos": {
            "h": 8,
            "w": 12,
            "x": 12,
            "y": 18
          },
          "id": 32,
          "options": {
            "legend": {
              "calcs": [
                "mean",
                "lastNotNull",
                "max"
              ],
              "displayMode": "table",
              "placement": "bottom"
            },
            "tooltip": {
              "mode": "single"
            }
          },
          "pluginVersion": "8.3.4",
          "targets": [
            {
              "datasource": "Victoria_metrics",
              "exemplar": false,
              "expr": "sum(rate(vmalert_alerts_send_errors_total{group=~\"$group\", service=~\"$service\",instance=~\"$instance\"}[$__rate_interval])) by(instance, addr)",
              "interval": "",
              "legendFormat": "{{instance}} => {{addr}}",
              "refId": "A"
            }
          ],
          "title": "Errors rate to Alertmanager ($group)",
          "type": "timeseries"
        }
      ],
      "title": "Alerting rules ($instance)",
      "type": "row"
    },
    {
      "collapsed": true,
      "gridPos": {
        "h": 1,
        "w": 24,
        "x": 0,
        "y": 25
      },
      "id": 28,
      "panels": [
        {
          "datasource": "Victoria_metrics",
          "description": "Shows the top 10 recording rules which generate the most of samples. Each generated sample is basically a time series which then ingested into configured remote storage. Rules with high numbers may cause the most pressure on the remote database and become a source of too high cardinality.",
          "fieldConfig": {
            "defaults": {
              "color": {
                "mode": "palette-classic"
              },
              "custom": {
                "axisLabel": "",
                "axisPlacement": "auto",
                "barAlignment": 0,
                "drawStyle": "line",
                "fillOpacity": 0,
                "gradientMode": "none",
                "hideFrom": {
                  "legend": false,
                  "tooltip": false,
                  "viz": false
                },
                "lineInterpolation": "smooth",
                "lineWidth": 1,
                "pointSize": 5,
                "scaleDistribution": {
                  "type": "linear"
                },
                "showPoints": "never",
                "spanNulls": true,
                "stacking": {
                  "group": "A",
                  "mode": "none"
                },
                "thresholdsStyle": {
                  "mode": "off"
                }
              },
              "mappings": [],
              "thresholds": {
                "mode": "absolute",
                "steps": [
                  {
                    "color": "green"
                  },
                  {
                    "color": "red",
                    "value": 80
                  }
                ]
              },
              "unit": "short"
            },
            "overrides": []
          },
          "gridPos": {
            "h": 8,
            "w": 12,
            "x": 0,
            "y": 3
          },
          "id": 31,
          "options": {
            "legend": {
              "calcs": [
                "mean",
                "lastNotNull",
                "max"
              ],
              "displayMode": "table",
              "placement": "bottom"
            },
            "tooltip": {
              "mode": "single"
            }
          },
          "pluginVersion": "8.3.4",
          "targets": [
            {
              "datasource": "Victoria_metrics",
              "exemplar": false,
              "expr": "topk(10, sum(vmalert_recording_rules_last_evaluation_samples{group=~\"$group\", service=~\"$service\",instance=~\"$instance\"}) by(group, recording) > 0)",
              "interval": "",
              "legendFormat": "{{recording}} ({{group}})",
              "refId": "A"
            }
          ],
          "title": "Top 10 rules by produced samples ($group)",
          "type": "timeseries"
        },
        {
          "datasource": {
            "uid": "$ds"
          },
          "description": "Shows the rules which do not produce any samples during the evaluation. Usually it means that such rules are misconfigured, since they give no output during the evaluation.\nPlease check if rule's expression is correct and it is working as expected.",
          "fieldConfig": {
            "defaults": {
              "color": {
                "mode": "palette-classic"
              },
              "custom": {
                "axisLabel": "",
                "axisPlacement": "auto",
                "barAlignment": 0,
                "drawStyle": "line",
                "fillOpacity": 0,
                "gradientMode": "none",
                "hideFrom": {
                  "legend": false,
                  "tooltip": false,
                  "viz": false
                },
                "lineInterpolation": "linear",
                "lineWidth": 1,
                "pointSize": 5,
                "scaleDistribution": {
                  "type": "linear"
                },
                "showPoints": "never",
                "spanNulls": true,
                "stacking": {
                  "group": "A",
                  "mode": "none"
                },
                "thresholdsStyle": {
                  "mode": "off"
                }
              },
              "mappings": [],
              "thresholds": {
                "mode": "absolute",
                "steps": [
                  {
                    "color": "green"
                  },
                  {
                    "color": "red",
                    "value": 80
                  }
                ]
              },
              "unit": "short"
            },
            "overrides": []
          },
          "gridPos": {
            "h": 8,
            "w": 12,
            "x": 12,
            "y": 3
          },
          "id": 33,
          "options": {
            "legend": {
              "calcs": [
                "max",
                "lastNotNull",
                "mean"
              ],
              "displayMode": "table",
              "placement": "bottom"
            },
            "tooltip": {
              "mode": "single"
            }
          },
          "pluginVersion": "8.0.3",
          "targets": [
            {
              "exemplar": false,
              "expr": "sum(vmalert_recording_rules_last_evaluation_samples{job=~\"$job\", instance=~\"$instance\", group=~\"$group\"}) by(group, recording) < 1",
              "interval": "",
              "legendFormat": "{{recording}} ({{group}})",
              "refId": "A"
            }
          ],
          "title": "Rules with 0 produced samples ($group)",
          "type": "timeseries"
        },
        {
          "datasource": "Victoria_metrics",
          "fieldConfig": {
            "defaults": {
              "color": {
                "mode": "palette-classic"
              },
              "custom": {
                "axisLabel": "",
                "axisPlacement": "auto",
                "barAlignment": 0,
                "drawStyle": "line",
                "fillOpacity": 0,
                "gradientMode": "none",
                "hideFrom": {
                  "legend": false,
                  "tooltip": false,
                  "viz": false
                },
                "lineInterpolation": "smooth",
                "lineWidth": 1,
                "pointSize": 5,
                "scaleDistribution": {
                  "type": "linear"
                },
                "showPoints": "never",
                "spanNulls": true,
                "stacking": {
                  "group": "A",
                  "mode": "none"
                },
                "thresholdsStyle": {
                  "mode": "off"
                }
              },
              "mappings": [],
              "thresholds": {
                "mode": "absolute",
                "steps": [
                  {
                    "color": "green"
                  },
                  {
                    "color": "red",
                    "value": 80
                  }
                ]
              },
              "unit": "short"
            },
            "overrides": []
          },
          "gridPos": {
            "h": 8,
            "w": 12,
            "x": 0,
            "y": 11
          },
          "id": 30,
          "options": {
            "legend": {
              "calcs": [
                "mean",
                "lastNotNull",
                "max"
              ],
              "displayMode": "table",
              "placement": "bottom"
            },
            "tooltip": {
              "mode": "single"
            }
          },
          "pluginVersion": "8.3.4",
          "targets": [
            {
              "datasource": "Victoria_metrics",
              "exemplar": false,
              "expr": "sum(vmalert_recording_rules_error{group=~\"$group\", service=~\"$service\",instance=~\"$instance\"}) by(group, recording) > 0",
              "interval": "",
              "legendFormat": "{{recording}} ({{group}})",
              "refId": "A"
            }
          ],
          "title": "Errors ($group)",
          "type": "timeseries"
        }
      ],
      "title": "Recording rules ($instance)",
      "type": "row"
    },
    {
      "collapsed": true,
      "gridPos": {
        "h": 1,
        "w": 24,
        "x": 0,
        "y": 26
      },
      "id": 43,
      "panels": [
        {
          "datasource": "Victoria_metrics",
          "description": "Shows the CPU usage per vmalert instance. \nIf you think that usage is abnormal or unexpected pls file an issue and attach CPU profile if possible.",
          "fieldConfig": {
            "defaults": {
              "color": {
                "mode": "palette-classic"
              },
              "custom": {
                "axisLabel": "",
                "axisPlacement": "auto",
                "barAlignment": 0,
                "drawStyle": "line",
                "fillOpacity": 0,
                "gradientMode": "none",
                "hideFrom": {
                  "legend": false,
                  "tooltip": false,
                  "viz": false
                },
                "lineInterpolation": "smooth",
                "lineWidth": 1,
                "pointSize": 5,
                "scaleDistribution": {
                  "type": "linear"
                },
                "showPoints": "never",
                "spanNulls": true,
                "stacking": {
                  "group": "A",
                  "mode": "none"
                },
                "thresholdsStyle": {
                  "mode": "off"
                }
              },
              "links": [],
              "mappings": [],
              "min": 0,
              "thresholds": {
                "mode": "absolute",
                "steps": [
                  {
                    "color": "green"
                  },
                  {
                    "color": "red",
                    "value": 80
                  }
                ]
              },
              "unit": "short"
            },
            "overrides": []
          },
          "gridPos": {
            "h": 8,
            "w": 12,
            "x": 0,
            "y": 4
          },
          "id": 35,
          "links": [
            {
              "targetBlank": true,
              "title": "Profiling",
              "url": "https://docs.victoriametrics.com/vmagent.html#profiling"
            }
          ],
          "options": {
            "legend": {
              "calcs": [
                "mean",
                "lastNotNull",
                "max"
              ],
              "displayMode": "table",
              "placement": "bottom"
            },
            "tooltip": {
              "mode": "single"
            }
          },
          "pluginVersion": "8.3.4",
          "targets": [
            {
              "datasource": "Victoria_metrics",
              "exemplar": false,
              "expr": "sum(rate(process_cpu_seconds_total{group=~\"$group\", service=~\"$service\",instance=~\"$instance\"}[$__rate_interval])) by(instance)",
              "format": "time_series",
              "interval": "",
              "intervalFactor": 1,
              "legendFormat": "{{instance}}",
              "refId": "A"
            }
          ],
          "title": "CPU ($instance)",
          "type": "timeseries"
        },
        {
          "datasource": "Victoria_metrics",
          "description": "Amount of used memory\n\nResident memory shows share which can be freed by OS when needed.\n\nAnonymous shows share for memory allocated by the process itself. This share cannot be freed by the OS, so it must be taken into account by OOM killer.\n\nIf you think that usage is abnormal or unexpected, please file an issue and attach memory profile if possible.",
          "fieldConfig": {
            "defaults": {
              "color": {
                "mode": "palette-classic"
              },
              "custom": {
                "axisLabel": "",
                "axisPlacement": "auto",
                "barAlignment": 0,
                "drawStyle": "line",
                "fillOpacity": 0,
                "gradientMode": "none",
                "hideFrom": {
                  "legend": false,
                  "tooltip": false,
                  "viz": false
                },
                "lineInterpolation": "smooth",
                "lineWidth": 1,
                "pointSize": 5,
                "scaleDistribution": {
                  "type": "linear"
                },
                "showPoints": "never",
                "spanNulls": true,
                "stacking": {
                  "group": "A",
                  "mode": "none"
                },
                "thresholdsStyle": {
                  "mode": "off"
                }
              },
              "links": [],
              "mappings": [],
              "min": 0,
              "thresholds": {
                "mode": "absolute",
                "steps": [
                  {
                    "color": "green"
                  },
                  {
                    "color": "red",
                    "value": 80
                  }
                ]
              },
              "unit": "bytes"
            },
            "overrides": []
          },
          "gridPos": {
            "h": 8,
            "w": 12,
            "x": 12,
            "y": 4
          },
          "id": 37,
          "links": [
            {
              "targetBlank": true,
              "title": "Profiling",
              "url": "https://docs.victoriametrics.com/vmagent.html#profiling"
            }
          ],
          "options": {
            "legend": {
              "calcs": [
                "mean",
                "lastNotNull",
                "max"
              ],
              "displayMode": "table",
              "placement": "bottom"
            },
            "tooltip": {
              "mode": "single"
            }
          },
          "pluginVersion": "8.3.4",
          "targets": [
            {
              "datasource": "Victoria_metrics",
              "exemplar": false,
              "expr": "sum(process_resident_memory_bytes{group=~\"$group\", service=~\"$service\",instance=~\"$instance\"}) by (instance)",
              "interval": "",
              "legendFormat": "resident {{instance}}",
              "refId": "A"
            },
            {
              "datasource": "Victoria_metrics",
              "exemplar": false,
              "expr": "sum(process_resident_memory_anon_bytes{job=~\"$job\", instance=~\"$instance\"}) by (instance)",
              "hide": false,
              "interval": "",
              "legendFormat": "anonymous {{instance}}",
              "refId": "B"
            }
          ],
          "title": "Memory usage ($instance)",
          "type": "timeseries"
        },
        {
          "datasource": "Victoria_metrics",
          "description": "Panel shows the number of open file descriptors in the OS.\nReaching the limit of open files can cause various issues and must be prevented.\n\nSee how to change limits here https://medium.com/@muhammadtriwibowo/set-permanently-ulimit-n-open-files-in-ubuntu-4d61064429a",
          "fieldConfig": {
            "defaults": {
              "color": {
                "mode": "palette-classic"
              },
              "custom": {
                "axisLabel": "",
                "axisPlacement": "auto",
                "barAlignment": 0,
                "drawStyle": "line",
                "fillOpacity": 0,
                "gradientMode": "none",
                "hideFrom": {
                  "legend": false,
                  "tooltip": false,
                  "viz": false
                },
                "lineInterpolation": "smooth",
                "lineWidth": 1,
                "pointSize": 5,
                "scaleDistribution": {
                  "log": 2,
                  "type": "log"
                },
                "showPoints": "auto",
                "spanNulls": true,
                "stacking": {
                  "group": "A",
                  "mode": "none"
                },
                "thresholdsStyle": {
                  "mode": "off"
                }
              },
              "decimals": 0,
              "links": [],
              "mappings": [],
              "min": 0,
              "thresholds": {
                "mode": "absolute",
                "steps": [
                  {
                    "color": "green"
                  },
                  {
                    "color": "red",
                    "value": 80
                  }
                ]
              },
              "unit": "short"
            },
            "overrides": [
              {
                "matcher": {
                  "id": "byName",
                  "options": "max"
                },
                "properties": [
                  {
                    "id": "color",
                    "value": {
                      "fixedColor": "#C4162A",
                      "mode": "fixed"
                    }
                  }
                ]
              }
            ]
          },
          "gridPos": {
            "h": 8,
            "w": 12,
            "x": 0,
            "y": 12
          },
          "id": 39,
          "links": [],
          "options": {
            "legend": {
              "calcs": [
                "mean",
                "lastNotNull",
                "max"
              ],
              "displayMode": "table",
              "placement": "bottom"
            },
            "tooltip": {
              "mode": "single"
            }
          },
          "pluginVersion": "8.3.4",
          "targets": [
            {
              "datasource": "Victoria_metrics",
              "exemplar": false,
              "expr": "sum(process_open_fds{group=~\"$group\", service=~\"$service\",instance=~\"$instance\"}) by (instance)",
              "format": "time_series",
              "interval": "",
              "intervalFactor": 2,
              "legendFormat": "open {{instance}}",
              "refId": "A"
            },
            {
              "datasource": "Victoria_metrics",
              "expr": "min(process_max_fds{job=~\"$job\", instance=~\"$instance\"})",
              "format": "time_series",
              "interval": "",
              "intervalFactor": 2,
              "legendFormat": "max",
              "refId": "B"
            }
          ],
          "title": "Open FDs ($instance)",
          "type": "timeseries"
        },
        {
          "datasource": "Victoria_metrics",
          "fieldConfig": {
            "defaults": {
              "color": {
                "mode": "palette-classic"
              },
              "custom": {
                "axisLabel": "",
                "axisPlacement": "auto",
                "barAlignment": 0,
                "drawStyle": "line",
                "fillOpacity": 0,
                "gradientMode": "none",
                "hideFrom": {
                  "legend": false,
                  "tooltip": false,
                  "viz": false
                },
                "lineInterpolation": "smooth",
                "lineWidth": 1,
                "pointSize": 5,
                "scaleDistribution": {
                  "type": "linear"
                },
                "showPoints": "never",
                "spanNulls": true,
                "stacking": {
                  "group": "A",
                  "mode": "none"
                },
                "thresholdsStyle": {
                  "mode": "off"
                }
              },
              "decimals": 0,
              "links": [],
              "mappings": [],
              "min": 0,
              "thresholds": {
                "mode": "absolute",
                "steps": [
                  {
                    "color": "green"
                  },
                  {
                    "color": "red",
                    "value": 80
                  }
                ]
              },
              "unit": "short"
            },
            "overrides": []
          },
          "gridPos": {
            "h": 8,
            "w": 12,
            "x": 12,
            "y": 12
          },
          "id": 41,
          "links": [],
          "options": {
            "legend": {
              "calcs": [
                "mean",
                "lastNotNull",
                "max"
              ],
              "displayMode": "table",
              "placement": "bottom"
            },
            "tooltip": {
              "mode": "single"
            }
          },
          "pluginVersion": "8.3.4",
          "targets": [
            {
              "datasource": "Victoria_metrics",
              "exemplar": true,
              "expr": "sum(go_goroutines{group=~\"$group\", service=~\"$service\",instance=~\"$instance\"}) by(instance)",
              "format": "time_series",
              "interval": "",
              "intervalFactor": 2,
              "legendFormat": "{{instance}}",
              "refId": "A"
            }
          ],
          "title": "Goroutines ($instance)",
          "type": "timeseries"
        }
      ],
      "title": "Resource usage",
      "type": "row"
    }
  ],
  "refresh": false,
  "schemaVersion": 34,
  "style": "dark",
  "tags": [
    "victoriametrics",
    "vmalert"
  ],
  "templating": {
    "list": [
      {
        "allValue": ".*",
        "current": {
          "selected": true,
          "text": [
            "BUS"
          ],
          "value": [
            "BUS"
          ]
        },
        "datasource": {
          "type": "prometheus",
          "uid": "PB9732EF3D2790863"
        },
        "definition": "label_values(vmalert_iteration_duration_seconds, group)",
        "hide": 0,
        "includeAll": true,
        "label": "Group",
        "multi": true,
        "name": "group",
        "options": [],
        "query": {
          "query": "label_values(vmalert_iteration_duration_seconds, group)",
          "refId": "StandardVariableQuery"
        },
        "refresh": 2,
        "regex": "",
        "skipUrlSync": false,
        "sort": 0,
        "type": "query"
      },
      {
        "current": {
          "selected": false,
          "text": "MyLeg",
          "value": "MyLeg"
        },
        "datasource": {
          "type": "prometheus",
          "uid": "PB9732EF3D2790863"
        },
        "definition": "label_values(node_boot_time_seconds{group=\"$group\"}, service)",
        "hide": 0,
        "includeAll": false,
        "label": "Service",
        "multi": false,
        "name": "service",
        "options": [],
        "query": {
          "query": "label_values(node_boot_time_seconds{group=\"$group\"}, service)",
          "refId": "StandardVariableQuery"
        },
        "refresh": 2,
        "regex": "",
        "skipUrlSync": false,
        "sort": 0,
        "type": "query"
      },
      {
        "allValue": ".*",
        "current": {
          "selected": true,
          "text": [
            "vmalert:8880"
          ],
          "value": [
            "vmalert:8880"
          ]
        },
        "datasource": {
          "type": "prometheus",
          "uid": "PB9732EF3D2790863"
        },
        "definition": "label_values(vm_app_version{service=~\"$service\",instance=~\"vmalert.+\"}, instance)",
        "hide": 0,
        "includeAll": false,
        "label": "Instance",
        "multi": false,
        "name": "instance",
        "options": [],
        "query": {
          "query": "label_values(vm_app_version{service=~\"$service\",instance=~\"vmalert.+\"}, instance)",
          "refId": "StandardVariableQuery"
        },
        "refresh": 1,
        "regex": "",
        "skipUrlSync": false,
        "sort": 0,
        "type": "query"
      }
    ]
  },
  "time": {
    "from": "now-1h",
    "to": "now"
  },
  "timepicker": {},
  "timezone": "",
  "title": "Victoria Metrics Alert Overview",
  "uid": "TQsFMkxnk",
  "version": 1,
  "weekStart": ""
}